ModelType,ID,EnglishName,TamilName
District,be6f2fe5-c156-4fe0-bbf2-335d9680b288,Kurinjipadi,குறிஞ்சிப்பாடி
Union,7abc0bcd-0d02-439e-9fc6-4e81e2dc969d,South East Union,தென்கிழக்கு ஒன்றியம்
Union,56ac8159-d404-4c7d-9dfb-ba3f258bc9a8,South Central Union,தென் மத்திய ஒன்றியம்
Union,169481e1-6307-4c7a-821f-27380d15848e,South West Union,தென்மேற்கு ஒன்றியம்
Union,e1f4a57f-396a-405e-b5c2-38b5ecca951f,East Union,கிழக்கு ஒன்றியம்
Union,e9617b2c-676e-4949-8002-1353d89af1b2,North Union,வடக்கு ஒன்றியம்
Union,b590db57-dfcf-4d7f-81d8-801e22b5a85e,South Union ,தெற்கு ஒன்றியம்
Union,39811e57-d406-4499-851c-c2389f10aea6,West Union,மேற்கு ஒன்றியம்
Union,7196e131-4c92-466a-bb1d-8d23d472623c,Kurinjipadi Town,குறிஞ்சிப்பாடி நகரம்
Union,c5698d8a-29c9-43c0-aba3-ab058c4bbfdb,Vadalur North Town ,வடலூர் வடக்கு நகரம்
Union,5b3b5385-0575-4939-bf84-11d4e2196f85,Vadalur South Town,வடலூர் தெற்கு நகரம்
Kilai,4d0d8c9c-0425-47d8-bf62-2f6ef12b9d52,Karaikadu (VK),காரைக்காடு (VK)
Kilai,c1ef9ca1-2e52-44d2-a02f-28a1372f0949,Sethakuppam,சீதக்குப்பம்
Kilai,55ecfd11-0a25-43d0-8eb6-ac541b311646,K.Pudur,K. புதூர்
Kilai,1fe8bee7-1235-4c2e-a248-5b6237717322,Kannarappettai,கன்னாரப்பேட்டை
Kilai,764b42d5-0491-4502-881d-c60cde1ea75d,Pillaiyarmedu,பிள்ளையார்மேடு
Kilai,50a149ec-4657-4ca6-aacc-8cc8cbe0b592,AK Karaikkadu,AK காரைக்காடு
Booth,9cbd4ee9-7222-4f60-b0ae-e4e4a1a7edf6,"Panchayat Union Elementary School, South Facing New Building West Wing,Karaikadu - 607005","ஊராட்சி ஒன்றிய தொடக்கப் பள்ளி, தெற்கு நோக்கிய புதிய கட்டிடம் மேற்குப் பகுதி, காரைக்காடு - 607005"
Booth,41cabdd2-a42d-4210-a4dd-768e3cfdc5eb,"Panchayat Union Middle School,South Facing Building West Wing,Chennappanayakkanpalayam - 607102","ஊராட்சி ஒன்றிய நடுநிலைப் பள்ளி, தெற்கு நோக்கிய கட்டிடம் மேற்குப் பகுதி, சென்னப்பநாயக்கன்பாளையம் - 607102"
Booth,a7ffc3d7-e851-45bb-8a80-693813a1fecc,"Panchayat Union Middle School,West Facing Building, South Wing,Chennappanayakkanpalayam - 607102","ஊராட்சி ஒன்றிய நடுநிலைப் பள்ளி, மேற்கு நோக்கிய கட்டிடம், தெற்குப் பகுதி, சென்னப்பநாயக்கன்பாளையம் - 607102"
Booth,e12f9c7a-0f61-40cb-be18-06078f584a5b,"Government Higher Secondary School,East Facing Building, North Wing,Chennappanayakkanpalayam - 607102","அரசு மேல்நிலைப் பள்ளி, கிழக்கு நோக்கிய கட்டிடம், வடக்குப் பகுதி, சென்னப்பநாயக்கன்பாளையம் - 607102"
Booth,9f5fd15b-664d-43e7-8a2d-a5201229f85a,"Government Higher Secondary School,North Facing Main Building, East Wing,Chennappanayakkanpalayam - 607102","அரசு மேல்நிலைப் பள்ளி, வடக்கு நோக்கிய முதன்மைக் கட்டிடம், கிழக்குப் பகுதி, சென்னப்பநாயக்கன்பாளையம் - 607102"
Booth,9f8bda59-aecf-4bff-9894-78716a3e76f1,"Government Higher Secondary School,North Facing Additional to Main Building,Chennappanayakkanpalayam - 607102","அரசு மேல்நிலைப் பள்ளி, வடக்கு நோக்கிய முதன்மைக் கட்டிடத்துடன் இணைந்த கூடுதல் கட்டிடம், சென்னப்பநாயக்கன்பாளையம் - 607102"
Booth,d68861f7-7296-4b00-bfca-b522040ab6ae,"Government Higher Secondary School,South Facing Building, East Wing,Chennappanayakkanpalayam - 607102","அரசு மேல்நிலைப் பள்ளி, தெற்கு நோக்கிய கட்டிடம், கிழக்குப் பகுதி, சென்னப்பநாயக்கன்பாளையம் - 607102"
Booth,2b727dc1-e7b6-466a-a328-a313f8d7b462,"Government Higher Secondary School,North Facing Building West Wing,Chennappanayakkanpalayam - 607102","அரசு மேல்நிலைப் பள்ளி, வடக்கு நோக்கிய கட்டிடம் மேற்குப் பகுதி, சென்னப்பநாயக்கன்பாளையம் - 607102"
Booth,d90999a0-09b5-4bd2-875b-ee8bbea0f0ce,"Panchayat Union Boys Elementary School,South Facing Building, East Wing,Naduveerapattu - 607102","ஊராட்சி ஒன்றிய ஆண்கள் தொடக்கப் பள்ளி, தெற்கு நோக்கிய கட்டிடம், கிழக்குப் பகுதி, நடுவீரப்பட்டு - 607102"
Booth,a417db27-e45e-4eff-b37d-060060408a59,"Panchayat Union Boys Elementary School,South Facing Building, West Wing,Naduveerapattu - 607102","ஊராட்சி ஒன்றிய ஆண்கள் தொடக்கப் பள்ளி, தெற்கு நோக்கிய கட்டிடம், மேற்குப் பகுதி, நடுவீரப்பட்டு - 607102"
Booth,fb487911-94bd-4240-a6d0-aa7595833dc2,"Panchayat Union Boys Elementary School,West Facing Building, South Wing,Naduveerapattu - 607102","ஊராட்சி ஒன்றிய ஆண்கள் தொடக்கப் பள்ளி, மேற்கு நோக்கிய கட்டிடம், தெற்குப் பகுதி, நடுவீரப்பட்டு - 607102"
Booth,adf1655a-a898-4cfa-a042-788301464ca2,"Panchayat Union Elementary School,East Facing Building,Vandarasankuppam, Naduveerapattu - 607102","ஊராட்சி ஒன்றிய தொடக்கப் பள்ளி, கிழக்கு நோக்கிய கட்டிடம், வண்டரசன்குப்பம், நடுவீரப்பட்டு - 607102"
Booth,3d164b66-d075-4a8f-8fba-cd3204208c73,"Government Higher Secondary School,North Facing Building West Wing,Naduveerapattu - 607102","அரசு மேல்நிலைப் பள்ளி, வடக்கு நோக்கிய கட்டிடம் மேற்குப் பகுதி, நடுவீரப்பட்டு - 607102"
Booth,a61b82c0-4c69-43fc-ada5-3f900803dd29,"Panchayat Union Elementary School,West Facing Building North Wing,Kumalankulam - 607102","ஊராட்சி ஒன்றிய தொடக்கப் பள்ளி, மேற்கு நோக்கிய கட்டிடம் வடக்குப் பகுதி, குமளாங்குளம் - 607102"
Booth,d96af78f-986b-4227-bb06-8fdcfb920105,"Anganwadi Centre, South Facing Building, Nariyankuppam, 607102","அங்கன்வாடி மையம், தெற்கு நோக்கிய கட்டிடம், நரியன்குப்பம் - 607102"
Booth,77dc2560-c5f6-4017-ba33-3fe54b05376c,"Panchayat Union Elementary School,North Facing Building,Suriyanpettai - 607102","ஊராட்சி ஒன்றிய தொடக்கப் பள்ளி, வடக்கு நோக்கிய கட்டிடம், சூரியன்பேட்டை - 607102"
Booth,ae1d64b6-af37-43d5-9bc6-0745e9020834,"Panchayat Union Elementary School,South Facing Building East Wing,Suriyanpettai - 607102","ஊராட்சி ஒன்றிய தொடக்கப் பள்ளி, தெற்கு நோக்கிய கட்டிடம் கிழக்குப் பகுதி, சூரியன்பேட்டை - 607102"
Booth,8407d729-ea95-4a3e-a38f-6f1b0f8a1844,"Panchayat Union Middle School,East Facing Building North Wing,Vilangalpattu - 607105","ஊராட்சி ஒன்றிய நடுநிலைப் பள்ளி, கிழக்கு நோக்கிய கட்டிடம் வடக்குப் பகுதி, விலாங்கல்பட்டு - 607105"
Booth,ed7e3a2b-4fbf-4698-a5cf-1788877696b4,"Panchayat Union Middle School, South Facing Building East Wing ,Vilangalpattu-607105","ஊராட்சி ஒன்றிய நடுநிலைப் பள்ளி, தெற்கு நோக்கிய கட்டிடம் கிழக்குப் பகுதி, விலாங்கல்பட்டு - 607105"
Booth,41d6573a-1d5c-44c5-b60c-e57e4acafd2f,"Panchayat Union Middle School,East Facing Building South Wing,Vilangalpattu - 607105","ஊராட்சி ஒன்றிய நடுநிலைப் பள்ளி, கிழக்கு நோக்கிய கட்டிடம் தெற்குப் பகுதி, விலாங்கல்பட்டு - 607105"
Booth,db36f064-d385-452a-8ecb-4a28b82ec663,"Panchayat Union Middle School,South Facing Building East Wing,Vanamadevi - 607105","ஊராட்சி ஒன்றிய நடுநிலைப் பள்ளி, தெற்கு நோக்கிய கட்டிடம் கிழக்குப் பகுதி, வானமாதேவி - 607105"
Booth,d404077f-62d2-4c78-84d3-404be60e05df,"Panchayat Union Middle School,South Facing Building West Wing,Vanamadevi - 607105","ஊராட்சி ஒன்றிய நடுநிலைப் பள்ளி, தெற்கு நோக்கிய கட்டிடம் மேற்குப் பகுதி, வானமாதேவி - 607105"
Booth,6680f34b-426b-4930-a537-7c043d7d225a,"Panchayat Union Middle School,East Facing Building,Thirumanikuzhi - 607105","ஊராட்சி ஒன்றிய நடுநிலைப் பள்ளி, கிழக்கு நோக்கிய கட்டிடம், திருமாணிக்குழி - 607105"
Booth,dd68deb4-a8f4-4b1f-a168-7c75664ea649,"Panchayat Union Middle School, South Facing Building, East Wing,Thirumanikuzhi-607105","ஊராட்சி ஒன்றிய நடுநிலைப் பள்ளி, தெற்கு நோக்கிய கட்டிடம், கிழக்குப் பகுதி, திருமாணிக்குழி - 607105"
Booth,e76c1b25-aed2-4f98-b02d-0c67a002aeec,"Panchayat Union Middle School,South Facing Building West Wing S S A Building,Thirumanikuzhi - 607105","ஊராட்சி ஒன்றிய நடுநிலைப் பள்ளி, தெற்கு நோக்கிய கட்டிடம் மேற்குப் பகுதி எஸ்.எஸ்.ஏ. கட்டிடம், திருமாணிக்குழி - 607105"
Booth,50f1a27c-0a6c-42cb-b859-b08c451129e5,"Panchayat Union Elementary School,North Facing Building, West Wing,,Gunamangalam - 607109","ஊராட்சி ஒன்றிய தொடக்கப் பள்ளி, வடக்கு நோக்கிய கட்டிடம், மேற்குப் பகுதி, , குணமங்கலம் - 607109"
Booth,4461291e-f9f1-4d96-86e6-ad0eb25483f1,"Anganwadi Center,East Facing New Building,Pillali - 607109","அங்கன்வாடி மையம், கிழக்கு நோக்கிய புதிய கட்டிடம், பில்லாலி - 607109"
Booth,c5b312d4-9f50-4a3c-98f0-db5e48f14128,"Panchayat Office, East Facing Building, Pillali 607109","ஊராட்சி அலுவலகம், கிழக்கு நோக்கிய கட்டிடம், பில்லாலி - 607109"
Booth,e73e0789-1746-44b7-a626-e1bb74b0b306,"Panchayat Union Elementary School,South Facing Building East Wing,Thotti - 607401","ஊராட்சி ஒன்றிய தொடக்கப் பள்ளி, தெற்கு நோக்கிய கட்டிடம் கிழக்குப் பகுதி, தொட்டி - 607401"
Booth,2325381f-1d8f-4bb2-95fa-6a2847bfc5c3,"Panchayat Union Elementary School,West Facing Building North Wing,Thotti - 607401","ஊராட்சி ஒன்றிய தொடக்கப் பள்ளி, மேற்கு நோக்கிய கட்டிடம் வடக்குப் பகுதி, தொட்டி - 607401"
Booth,aac60219-a22a-4848-9ad6-e590ce4052f2,"Panchayat Union Elementary School,East Facing Building North Wing,Kumarappanayakkanpettai - 607401","ஊராட்சி ஒன்றிய தொடக்கப் பள்ளி, கிழக்கு நோக்கிய கட்டிடம் வடக்குப் பகுதி, குமரப்பநாயக்கன்பேட்டை - 607401"
Booth,e4a1a386-7e80-40c1-9a3c-c8fd3abfd1c0,"Panchayat Union Elementary School,North Facing Building,Kumarappanayakkanpettai – 607401","ஊராட்சி ஒன்றிய தொடக்கப் பள்ளி, வடக்கு நோக்கிய கட்டிடம், குமரப்பநாயக்கன்பேட்டை - 607401"
Booth,17c280ad-8c4e-458b-ae87-bed78772e4a4,"Panchayat Union Elementary School, West Facing Building,Kumarappanayakkanpettai-607401","ஊராட்சி ஒன்றிய தொடக்கப் பள்ளி, மேற்கு நோக்கிய கட்டிடம், குமரப்பநாயக்கன்பேட்டை - 607401"
Booth,3bd8c688-3f68-4ddc-89cf-21baf73bd276,"Panchayat Union Elementary School,East Facing Building South Wing,Kumarappanayakkanpettai - 607401","ஊராட்சி ஒன்றிய தொடக்கப் பள்ளி, கிழக்கு நோக்கிய கட்டிடம் தெற்குப் பகுதி, குமரப்பநாயக்கன்பேட்டை - 607401"
Booth,c5a4db78-2f37-4c1b-aa74-b74d55313686,"Government Higher Secondary School, North Facing Building West Wing, Salaikarai ,Thiruvanthipuram – 607401","அரசு மேல்நிலைப் பள்ளி, வடக்கு நோக்கிய கட்டிடம் மேற்குப் பகுதி, சாலைக்கரை, திருவந்திபுரம் - 607401"
Booth,9dbfb8fa-6bea-44ae-978b-b06249cbebd3,"Government Higher Secondary School,North Facing East Wing,Salaikarai Thiruvanthipuram - 607401","அரசு மேல்நிலைப் பள்ளி, வடக்கு நோக்கிய கிழக்குப் பகுதி, சாலைக்கரை திருவந்திபுரம் - 607401"
Booth,0cf67a42-0ee5-404b-ac8d-f66137159091,"Panchayat Union Elementary School,South Facing Building West Wing,Thiruvanthipuram - 607401","ஊராட்சி ஒன்றிய தொடக்கப் பள்ளி, தெற்கு நோக்கிய கட்டிடம் மேற்குப் பகுதி, திருவந்திபுரம் - 607401"
Booth,8fc52e84-5924-4593-9692-eacb00e36661,"Panchayat Union Elementary School,East Facing Building North Wing,Thiruvanthipuram - 607401","ஊராட்சி ஒன்றிய தொடக்கப் பள்ளி, கிழக்கு நோக்கிய கட்டிடம் வடக்குப் பகுதி, திருவந்திபுரம் - 607401"
Booth,44f0fbb6-4bb0-4c71-8c1a-4806515f7dc4,"Panchayat Union Elementary School,South Facing Building East Wing,Otteri Thiruvanthipuram - 607401","ஊராட்சி ஒன்றிய தொடக்கப் பள்ளி, தெற்கு நோக்கிய கட்டிடம் கிழக்குப் பகுதி, ஓட்டேரி திருவந்திபுரம் - 607401"
Booth,bc05a64f-a734-4d11-b4cb-6d3b84b50582,"Panchayat Union Middle School,West Facing Building, Centre Wing,Arisiperiyankuppam – 607401","ஊராட்சி ஒன்றிய நடுநிலைப் பள்ளி, மேற்கு நோக்கிய கட்டிடம், மையப் பகுதி, அரிசிபெரியங்குப்பம் - 607401"
Booth,609bf775-582c-424a-b169-c7690123fc94,"Panchayat Union Middle School, South Facing Building, East Wing ,Arisiperiyankuppam-607401","ஊராட்சி ஒன்றிய நடுநிலைப் பள்ளி, தெற்கு நோக்கிய கட்டிடம், கிழக்குப் பகுதி, அரிசிபெரியங்குப்பம் - 607401"
Booth,73091c5f-9e82-4bdc-9600-2977f2ec4b8b,"Village Service Centre, South Facing Building, Kumarapettai 607401","கிராம சேவை மையம், தெற்கு நோக்கிய கட்டிடம், குமாரப்பேட்டை - 607401"
Booth,7876bdcc-fd91-4b18-91f8-21f72d8d0f0a,"Panchayat Union Middle School,East Facing Building,M Puthur - 607401","ஊராட்சி ஒன்றிய நடுநிலைப் பள்ளி, கிழக்கு நோக்கிய கட்டிடம், எம்.புதூர் - 607401"
Booth,8155c0ef-256b-49d3-9f17-fa835947ac44,"Panchayat Union Middle School,East Facing Building, South Wing, Second Room, ,M Puthur-607401","ஊராட்சி ஒன்றிய நடுநிலைப் பள்ளி, கிழக்கு நோக்கிய கட்டிடம், தெற்குப் பகுதி, இரண்டாம் அறை, , எம்.புதூர் - 607401"
Booth,25353909-9889-4f6e-abb4-4d8f664982ea,"Panchayat Union Elementary School,West Facing Building,B Vadugapalayam Karaiyerivittakuppam - 607004","ஊராட்சி ஒன்றிய தொடக்கப் பள்ளி, மேற்கு நோக்கிய கட்டிடம், பி.வடுகபாளையம் கரையேறிவிட்டகுப்பம் - 607004"
Booth,ef8550cc-48c2-4712-8b41-504dbe5f4b46,"Panchayat Union Elementary School,East Facing Building,B Vadugapalayam Karaiyerivittakuppam - 607004","ஊராட்சி ஒன்றிய தொடக்கப் பள்ளி, கிழக்கு நோக்கிய கட்டிடம், பி.வடுகபாளையம் கரையேறிவிட்டகுப்பம் - 607004"
Booth,3a711687-33c2-4087-af9e-ae81833323e8,"Panchayat Union Middle School,East Facing Building North Wing,Ramapuram East - 607003","ஊராட்சி ஒன்றிய நடுநிலைப் பள்ளி, கிழக்கு நோக்கிய கட்டிடம் வடக்குப் பகுதி, ராமாபுரம் கிழக்கு - 607003"
Booth,49f8cde0-ca6b-4c8b-8364-1c8d5d5d6ef9,"Panchayat Union Middle School,South Facing Building East Wing ,Ramapuram East-607003","ஊராட்சி ஒன்றிய நடுநிலைப் பள்ளி, தெற்கு நோக்கிய கட்டிடம் கிழக்குப் பகுதி, ராமாபுரம் கிழக்கு - 607003"
Booth,ef520206-1e22-4636-9820-20fde7f9e246,"Panchayat Union Middle School,East Facing Building South Wing,Ramapuram East - 607003","ஊராட்சி ஒன்றிய நடுநிலைப் பள்ளி, கிழக்கு நோக்கிய கட்டிடம் தெற்குப் பகுதி, ராமாபுரம் கிழக்கு - 607003"
Booth,5e9a8731-36ed-48c8-a233-beb8edea1636,"Panchayat Union Elementary School,North Facing Building East Wing,Ramapuram West - 607003","ஊராட்சி ஒன்றிய தொடக்கப் பள்ளி, வடக்கு நோக்கிய கட்டிடம் கிழக்குப் பகுதி, ராமாபுரம் மேற்கு - 607003"
Booth,f2e15d35-c2e2-455b-b5b5-b3484ec6ff0d,"Anganwadi Centre,South Facing Building Valluvar Street,Gangamanayakkankuppam - 607003","அங்கன்வாடி மையம், தெற்கு நோக்கிய கட்டிடம் வள்ளுவர் தெரு, கங்கமநாயக்கன்குப்பம் - 607003"
Booth,fced391a-5833-4297-9189-2fa973c7eba0,"Panchayat Union Elementary School,North Facing Building West Wing,Ramapuram West - 607003","ஊராட்சி ஒன்றிய தொடக்கப் பள்ளி, வடக்கு நோக்கிய கட்டிடம் மேற்குப் பகுதி, ராமாபுரம் மேற்கு - 607003"
Booth,2f6efde1-05f6-4a7c-ab4b-01a98be43771,"Annai Velankanni Cluny High School,South Facing New Building West Wing,Sathankuppam - 607004","அன்னை வேளாங்கண்ணி க்ளூனி உயர்நிலைப் பள்ளி, தெற்கு நோக்கிய புதிய கட்டிடம் மேற்குப் பகுதி, சாத்தங்குப்பம் - 607004"
Booth,c22cbd74-fae4-4e7e-9055-be34daab1cac,"Annai Velankanni Cluny High School,South Facing New Building Centre Portion (West),Sathankuppam - 607004","அன்னை வேளாங்கண்ணி க்ளூனி உயர்நிலைப் பள்ளி, தெற்கு நோக்கிய புதிய கட்டிடம் மையப் பகுதி (மேற்கு), சாத்தங்குப்பம் - 607004"
Booth,e1d46c5c-b49f-4aee-a6af-5bf9e08e3681,"Annai Velankanni Cluny High School,South Facing New Building Centre Wing (East),Sathankuppam - 607004","அன்னை வேளாங்கண்ணி க்ளூனி உயர்நிலைப் பள்ளி, தெற்கு நோக்கிய புதிய கட்டிடம் மையப் பகுதி (கிழக்கு), சாத்தங்குப்பம் - 607004"
Booth,8149ba64-5235-4c66-8835-264c502b5843,"Panchayat Union Middle School,West Facing Building North Wing,Kodukkanpalayam - 607003","ஊராட்சி ஒன்றிய நடுநிலைப் பள்ளி, மேற்கு நோக்கிய கட்டிடம் வடக்குப் பகுதி, கொடுக்களன்பாளையம் - 607003"
Booth,a1a6456e-3a89-4246-9ebe-50ebafade852,"Panchayat Union Middle School,West Facing Building South Wing,Kodukkanpalayam - 607003","ஊராட்சி ஒன்றிய நடுநிலைப் பள்ளி, மேற்கு நோக்கிய கட்டிடம் தெற்குப் பகுதி, கொடுக்களன்பாளையம் - 607003"
Booth,3ec9045c-7165-4ba9-a387-c6db24faa0ad,"Government Higher Secondary School,East Facing Building North Wing Room No 8,Vellakarai Kattupalayam - 607003","அரசு மேல்நிலைப் பள்ளி, கிழக்கு நோக்கிய கட்டிடம் வடக்குப் பகுதி அறை எண் 8, வெள்ளக்கரை காட்டுப்பாளையம் - 607003"
Booth,dc7e45cc-5af9-4176-af20-699c453327fc,"Panchayat Union Elementary School,South Facing Building, East Wing,Vellakarai Kattupalayam-607003","ஊராட்சி ஒன்றிய தொடக்கப் பள்ளி, தெற்கு நோக்கிய கட்டிடம், கிழக்குப் பகுதி, வெள்ளக்கரை காட்டுப்பாளையம் - 607003"
Booth,61cec782-cfdf-4ee6-b2e8-40436b039e99,"Panchayat Union Elementary School,North Facing New Building,Vellakarai Kattupalayam - 607003","ஊராட்சி ஒன்றிய தொடக்கப் பள்ளி, வடக்கு நோக்கிய புதிய கட்டிடம், வெள்ளக்கரை காட்டுப்பாளையம் - 607003"
Booth,faaca0ed-8b69-4e28-947c-45cb90b0a4a7,"Panchayat Union Elementary School,East Facing Building South Wing,Keerapalayam - 607003","ஊராட்சி ஒன்றிய தொடக்கப் பள்ளி, கிழக்கு நோக்கிய கட்டிடம் தெற்குப் பகுதி, கீரப்பாளையம் - 607003"
Booth,e0526487-a4d9-451a-af9b-b49c2ecd9a15,"Anganwadi Centre,West Facing Building,Arasadikuppam - 607003","அங்கன்வாடி மையம், மேற்கு நோக்கிய கட்டிடம், அரசடிக்குப்பம் - 607003"
Booth,255f4bc0-11f6-4bf6-8136-4a13f5c5e976,"Anganwadi Centre,West Facing Building,Othiyadikuppam – 607105","அங்கன்வாடி மையம், மேற்கு நோக்கிய கட்டிடம், ஒத்தியடிக்குப்பம் - 607105"
Booth,6c1af721-d9a1-49b1-9f5b-ff64a20feb8b,"Panchayat Union Elementary School,South Facing Building West Wing,Keerapalayam - 607003","ஊராட்சி ஒன்றிய தொடக்கப் பள்ளி, தெற்கு நோக்கிய கட்டிடம் மேற்குப் பகுதி, கீரப்பாளையம் - 607003"
Booth,3a5a90c9-a96e-436c-849c-527ea066adee,"Panchayat Union Elementary School,North Facing Building East Portion,Othiyadikuppam - 607105","ஊராட்சி ஒன்றிய தொடக்கப் பள்ளி, வடக்கு நோக்கிய கட்டிடம் கிழக்குப் பகுதி, ஒத்தியடிக்குப்பம் - 607105"
Booth,76f4e997-c1fc-4f57-8cac-9c5a56de5077,"Panchayat Union Elementary School,South Facing Building East Wing,Annavalli - 607003","ஊராட்சி ஒன்றிய தொடக்கப் பள்ளி, தெற்கு நோக்கிய கட்டிடம் கிழக்குப் பகுதி, அன்னவல்லி - 607003"
Booth,39f80143-5684-4cf3-a21c-5d3ed419bcb1,"Adidravidar Welfare School,East Facing SSA Building North Wing,Annavalli - 607003","ஆதிதிராவிடர் நலப்பள்ளி, கிழக்கு நோக்கிய எஸ்.எஸ்.ஏ. கட்டிடம் வடக்குப் பகுதி, அன்னவல்லி - 607003"
Booth,5c2006ea-2a9d-415e-b191-afaee9b04c73,"Panchayat Union Middle School,South Facing Building East wing,Vazhisodhanaipalayam - 607003","ஊராட்சி ஒன்றிய நடுநிலைப் பள்ளி, தெற்கு நோக்கிய கட்டிடம் கிழக்கு பகுதி, வழிசோதனைப்பாளையம் - 607003"
Booth,938783ec-cc19-4412-8a01-1fdeee63f34e,"Panchayat Union Middle School,South Facing Building Middle wing,Vazhisodhanaipalayam - 607003","ஊராட்சி ஒன்றிய நடுநிலைப் பள்ளி, தெற்கு நோக்கிய கட்டிடம் நடுநிலை பகுதி, வழிசோதனைப்பாளையம் - 607003"
Booth,4a951725-2bca-4450-9db3-98cbd66427c4,"Panchayat Union Middle School,South Facing Building West Wing,Vazhisodhanaipalayam - 607003","ஊராட்சி ஒன்றிய நடுநிலைப் பள்ளி, தெற்கு நோக்கிய கட்டிடம் மேற்குப் பகுதி, வழிசோதனைப்பாளையம் - 607003"
Booth,71cf2843-d3b7-48f2-aeae-4e3e1161594a,"Panchayat Union Middle School,North Facing Building East Wing,Sedapalayam - 607003","ஊராட்சி ஒன்றிய நடுநிலைப் பள்ளி, வடக்கு நோக்கிய கட்டிடம் கிழக்குப் பகுதி, சேடப்பாளையம் - 607003"
Booth,d4215a50-b2d5-41c0-8e96-93184b19c264,"Panchayat Union Elementary School, North Facing Building, Gangamanayakkankuppam 607003","ஊராட்சி ஒன்றிய தொடக்கப் பள்ளி, வடக்கு நோக்கிய கட்டிடம், கங்கமநாயக்கன்குப்பம் - 607003"
Booth,b894b4e8-1d66-4803-af2b-8c56f383c0cc,"Panchayat Union Elementary School,South Facing Building East Wing,Kannarapettai - 607005","ஊராட்சி ஒன்றிய தொடக்கப் பள்ளி, தெற்கு நோக்கிய கட்டிடம் கிழக்குப் பகுதி, கன்னாரப்பேட்டை - 607005"
Booth,d1265413-2fb2-4630-bedb-c65551ce0858,"Panchayat Union Elementary  School, South Facing Building West Wing, Kannarapettai – 607005","ஊராட்சி ஒன்றிய தொடக்கப் பள்ளி, தெற்கு நோக்கிய கட்டிடம் மேற்குப் பகுதி, கன்னாரப்பேட்டை - 607005"
Booth,09ed03b5-0677-48d9-8d90-f6ad9e3aa775,"Panchayat Union Elementary School,North Facing Building East Wing,Karaikadu - 607005","ஊராட்சி ஒன்றிய தொடக்கப் பள்ளி, வடக்கு நோக்கிய கட்டிடம் கிழக்குப் பகுதி, காரைக்காடு - 607005"
Booth,40a41874-675b-48b3-bff5-64f70dfe1ae0,"Panchayat Union Elementary School,North Facing Building West Wing,Karaikadu - 607005","ஊராட்சி ஒன்றிய தொடக்கப் பள்ளி, வடக்கு நோக்கிய கட்டிடம் மேற்குப் பகுதி, காரைக்காடு - 607005"
Booth,74861b3f-de8a-4e33-8cd7-1a04233a6165,"Village Service Centre,South Facing building East Wing,Chinnapillaiyarmedu - 607005","கிராம சேவை மையம், தெற்கு நோக்கிய கட்டிடம் கிழக்குப் பகுதி, சின்னபிள்ளையார்மேடு - 607005"
Booth,94f8ad94-9c3d-44df-b544-7b4c847a741f,"Panchayat Union Middle School,South Facing New Building West Wing,Karaikadu Madhura (Colony) - 607005","ஊராட்சி ஒன்றிய நடுநிலைப் பள்ளி, தெற்கு நோக்கிய புதிய கட்டிடம் மேற்குப் பகுதி, காரைக்காடு மதுரா (காலனி) - 607005"
Booth,5c6953ca-ff22-4e8e-9130-9afe89fd1831,"Panchayat Union Middle School,South Facing New Building East Wing,Karaikadu Madhura (Colony) - 607005","ஊராட்சி ஒன்றிய நடுநிலைப் பள்ளி, தெற்கு நோக்கிய புதிய கட்டிடம் கிழக்குப் பகுதி, காரைக்காடு மதுரா (காலனி) - 607005"
Booth,139bf694-3a60-4ea5-9477-6879a5e63098,"Panchayat Union Middle School,South Facing New Building East Wing,Sothikuppam - 607003","ஊராட்சி ஒன்றிய நடுநிலைப் பள்ளி, தெற்கு நோக்கிய புதிய கட்டிடம் கிழக்குப் பகுதி, சோதிக்குப்பம் - 607003"
Booth,c9f28637-ccd3-4127-8fc4-ab07fe0a2c33,"Panchayat Union Middle School,South Facing New Building West Wing,Sothikuppam - 607003","ஊராட்சி ஒன்றிய நடுநிலைப் பள்ளி, தெற்கு நோக்கிய புதிய கட்டிடம் மேற்குப் பகுதி, சோதிக்குப்பம் - 607003"
Booth,4a60c02d-73e9-4d7f-9afd-c791461ffc0c,"Panchayat Union Elementary School,West Facing Building Centre Wing,Pachaiyankuppam Sembadankuppam - 607003","ஊராட்சி ஒன்றிய தொடக்கப் பள்ளி, மேற்கு நோக்கிய கட்டிடம் மையப் பகுதி, பச்சையாங்குப்பம் செம்படாங்குப்பம் - 607003"
Booth,b6af2536-e39b-4f79-a0fc-bfe7174fd178,"Panchayat Union Elementary School,West Facing Building South Wing,Pachaiyankuppam Sembadankuppam - 607003","ஊராட்சி ஒன்றிய தொடக்கப் பள்ளி, மேற்கு நோக்கிய கட்டிடம் தெற்குப் பகுதி, பச்சையாங்குப்பம் செம்படாங்குப்பம் - 607003"
Booth,f8708bcc-0926-4612-8767-ea3931b1c0f2,"Government High School,West Facing Building South Wing,Pachaiyankuppam Sembadankuppam - 607003","அரசு உயர்நிலைப் பள்ளி, மேற்கு நோக்கிய கட்டிடம் தெற்குப் பகுதி, பச்சையாங்குப்பம் செம்படாங்குப்பம் - 607003"
Booth,524224e0-9c59-4664-8593-b2418d531967,"Sub Health Centre,West Facing Building North Wing,Pachaiyankuppam Sembadankuppam - 607003","துணை சுகாதார மையம், மேற்கு நோக்கிய கட்டிடம் வடக்குப் பகுதி, பச்சையாங்குப்பம் செம்படாங்குப்பம் - 607003"
Booth,dd7768b2-6a1c-48eb-83f1-8c41aa3be9c8,"Panchayat Union Elementary School,West Facing Building North Wing,Pachaiyankuppam Sembadankuppam – 607003","ஊராட்சி ஒன்றிய தொடக்கப் பள்ளி, மேற்கு நோக்கிய கட்டிடம் வடக்குப் பகுதி, பச்சையாங்குப்பம் செம்படாங்குப்பம் - 607003"
Booth,9064f7a0-96be-4101-bb9d-659d4f919e5b,"Dhamodharanar Nursery & Primary School,South Facing Building, West Wing 1st Room,Manakuppam - 607003","தாமோதரனார் நர்சரி மற்றும் தொடக்கப் பள்ளி, தெற்கு நோக்கிய கட்டிடம், மேற்குப் பகுதி முதல் அறை, மணக்குப்பம் - 607003"
Booth,720e6594-c71d-438a-b89f-3352f1352599,"Dhamodharanar Nursery & Primary School,South Facing Building, West Wing 2nd Room,Manakuppam  607003","தாமோதரனார் நர்சரி மற்றும் தொடக்கப் பள்ளி, தெற்கு நோக்கிய கட்டிடம், மேற்குப் பகுதி இரண்டாம் அறை, மணக்குப்பம் - 607003"
Booth,c751b38f-83c4-4a26-8bbb-3713e06e3c62,"Panchayat Union Elementary School,South Facing Building West Wing,Echankadu - 607005","ஊராட்சி ஒன்றிய தொடக்கப் பள்ளி, தெற்கு நோக்கிய கட்டிடம் மேற்குப் பகுதி, ஈச்சங்காடு - 607005"
Booth,946c2178-9979-45e4-ae7e-e29a7a4f14c0,"IFAD Center,North Facing Building,Sangolikuppam - 607005","ஐஃபாட் மையம், வடக்கு நோக்கிய கட்டிடம், சங்கிலிக்குப்பம் - 607005"
Booth,210770ff-3344-4b60-9bb2-7934b70a2780,"Panchayat Union Elementary School,North Facing Building West Wing,Kudikadu - 607005","ஊராட்சி ஒன்றிய தொடக்கப் பள்ளி, வடக்கு நோக்கிய கட்டிடம் மேற்குப் பகுதி, குடிகாடு - 607005"
Booth,3a3f4274-a90b-428e-9e2c-fbb1997b2815,"Community hall, West Facing Building, Kudikadu Colony-607005","சமுதாயக் கூடம், மேற்கு நோக்கிய கட்டிடம், குடிகாடு காலனி - 607005"
Booth,919183a7-2d8e-49f6-8e66-ed1966a02b52,"Government High School,West Facing Building South Wing,Rasapettai - 607005","அரசு உயர்நிலைப் பள்ளி, மேற்கு நோக்கிய கட்டிடம் தெற்குப் பகுதி, ராசாப்பேட்டை - 607005"
Booth,19ba28cb-71b7-4cb5-afe3-fa3a000773dc,"Government High School,West Facing Building North Wing,Rasapettai - 607005","அரசு உயர்நிலைப் பள்ளி, மேற்கு நோக்கிய கட்டிடம் வடக்குப் பகுதி, ராசாப்பேட்டை - 607005"
Booth,fe0c75ae-cc01-4c2f-9ee9-9e6a011ddc37,"Panchayat Union Middle School,North Facing Building West Wing,Sedapalayam - 607003","ஊராட்சி ஒன்றிய நடுநிலைப் பள்ளி, வடக்கு நோக்கிய கட்டிடம் மேற்குப் பகுதி, சேடப்பாளையம் - 607003"
Booth,602aaea5-b47c-4616-8982-69f5bf9ac361,"Panchayat Union Middle School,South Facing Building East Wing,  Sangolikuppam - 607003","ஊராட்சி ஒன்றிய நடுநிலைப் பள்ளி, தெற்கு நோக்கிய கட்டிடம் கிழக்குப் பகுதி, சங்கிலிக்குப்பம் - 607003"
Booth,e8bedd95-6465-44d9-b5c2-af7d5de1289c,"Panchayat Union Middle School,South Facing Building West Wing,Sangolikuppam - 607003","ஊராட்சி ஒன்றிய நடுநிலைப் பள்ளி, தெற்கு நோக்கிய கட்டிடம் மேற்குப் பகுதி, சங்கிலிக்குப்பம் - 607003"
Booth,df851ea2-4096-4802-b855-ba1a45350214,"Panchayat Union Middle School,North Facing Building East Wing,Semmangkuppam - 607003","ஊராட்சி ஒன்றிய நடுநிலைப் பள்ளி, வடக்கு நோக்கிய கட்டிடம் கிழக்குப் பகுதி, செம்மங்குப்பம் - 607003"
Booth,7bcd0be6-631c-40c9-b148-c628bab28e9e,"Panchayat Union Middle School,East Facing Building (S S A),Semmangkuppam - 607003","ஊராட்சி ஒன்றிய நடுநிலைப் பள்ளி, கிழக்கு நோக்கிய கட்டிடம் (எஸ்.எஸ்.ஏ.), செம்மங்குப்பம் - 607003"
Booth,cc249d09-5a63-4c50-9df9-1d288cc541c7,"Panchayat Union Middle School,North Facing Building West Wing,Semmangkuppam - 607003","ஊராட்சி ஒன்றிய நடுநிலைப் பள்ளி, வடக்கு நோக்கிய கட்டிடம் மேற்குப் பகுதி, செம்மங்குப்பம் - 607003"
Booth,60bc50fe-5386-410e-b0c6-8e51d65cfd9a,"Panchayat Union Elementary School,North Facing Building East Wing,Nochikadu - 608801","ஊராட்சி ஒன்றிய தொடக்கப் பள்ளி, வடக்கு நோக்கிய கட்டிடம் கிழக்குப் பகுதி, நொச்சிக்காடு - 608801"
Booth,be7ba2f0-9cb9-40c7-b60a-9c394f072dea,"Panchayat Union Elementary School,North Facing Building West Wing,Nochikadu - 608801","ஊராட்சி ஒன்றிய தொடக்கப் பள்ளி, வடக்கு நோக்கிய கட்டிடம் மேற்குப் பகுதி, நொச்சிக்காடு - 608801"
Booth,c249f6f2-aa3f-4133-a665-65ac31a8e0bf,"Village Service Centre,East Facing Building,Naduthittu - 608801","கிராம சேவை மையம், கிழக்கு நோக்கிய கட்டிடம், நடுத்திட்டு - 608801"
Booth,39a2a346-f782-47b1-8131-ad77b8b2a7d4,"Government High School,North Facing Building West  Wing,Periyakuppam - 608801","அரசு உயர்நிலைப் பள்ளி, வடக்கு நோக்கிய கட்டிடம் மேற்கு பகுதி, பெரியகுப்பம் - 608801"
Booth,753664dc-a9d5-4f24-9ffa-b201329a8f7f,"Government High School,East Facing Building, South Wing,Periyakuppam – 608801","அரசு உயர்நிலைப் பள்ளி, கிழக்கு நோக்கிய கட்டிடம், தெற்குப் பகுதி, பெரியகுப்பம் - 608801"
Booth,8240b9d2-112c-4c57-b384-1da855b66033,"Government High School,North Facing Building, East Wing,Periyakuppam – 608801","அரசு உயர்நிலைப் பள்ளி, வடக்கு நோக்கிய கட்டிடம், கிழக்குப் பகுதி, பெரியகுப்பம் - 608801"
Booth,36beac7e-9148-4ddb-a0fd-8bf780d43b67,"Panchayat Union Elementary School,North Facing building West Wing,Thiruchopuram - 608801","ஊராட்சி ஒன்றிய தொடக்கப் பள்ளி, வடக்கு நோக்கிய கட்டிடம் மேற்குப் பகுதி, திருச்சோபுரம் - 608801"
Booth,a1cda05c-3665-4dc4-b622-6177efc6ebee,"Panchayat Union Elementary School,North Facing building East Wing,Thiruchopuram - 608801","ஊராட்சி ஒன்றிய தொடக்கப் பள்ளி, வடக்கு நோக்கிய கட்டிடம் கிழக்குப் பகுதி, திருச்சோபுரம் - 608801"
Booth,6f3252ec-01a9-48a3-80dd-451ef5e81647,"Government Higher Secondary School,West Facing Building North Wing,Poondiyankuppam – 608801","அரசு மேல்நிலைப் பள்ளி, மேற்கு நோக்கிய கட்டிடம் வடக்குப் பகுதி, பூண்டியாங்குப்பம் - 608801"
Booth,f59d954c-7e47-42d3-a910-58b885e55bb8,"Government Higher Secondary School,West Facing Building South Wing,Poondiyankuppam – 608801","அரசு மேல்நிலைப் பள்ளி, மேற்கு நோக்கிய கட்டிடம் தெற்குப் பகுதி, பூண்டியாங்குப்பம் - 608801"
Booth,e91eb9bd-e4ad-4a0d-ab1a-16c7643c0cd2,"Panchayat Union Middle School, East Facing Building, North Wing Kambalimedu – 608801","ஊராட்சி ஒன்றிய நடுநிலைப் பள்ளி, கிழக்கு நோக்கிய கட்டிடம், வடக்குப் பகுதி கம்பளிமேடு - 608801"
Booth,94e1cb11-2189-4a1d-bbeb-01e9d760322e,"Panchayat Union Middle School,South Facing Building West Wing,Thondamanatham - 607301","ஊராட்சி ஒன்றிய நடுநிலைப் பள்ளி, தெற்கு நோக்கிய கட்டிடம் மேற்குப் பகுதி, தொண்டமானத்தம் - 607301"
Booth,69880f28-5397-4f98-8684-22bff30fd4c0,"Panchayat Union Elementary School,West Facing Building North Wing,Kothandaramapuram - 607301","ஊராட்சி ஒன்றிய தொடக்கப் பள்ளி, மேற்கு நோக்கிய கட்டிடம் வடக்குப் பகுதி, கோதண்டராமபுரம் - 607301"
Booth,5802add0-0b7c-42f0-9da0-5a6abe30d9dd,"A G A M T Library Building,South Facing Building,Kothandaramapuram - 607301","ஏ.ஜி.ஏ.எம்.டி. நூலகக் கட்டிடம், தெற்கு நோக்கிய கட்டிடம், கோதண்டராமபுரம் - 607301"
Booth,e55d0b0c-4aec-4f2f-8b69-637adffd5beb,"Panchayat Union Elementary School,North Facing Building, West Wing,S Puthur – 607301","ஊராட்சி ஒன்றிய தொடக்கப் பள்ளி, வடக்கு நோக்கிய கட்டிடம், மேற்குப் பகுதி, எஸ்.புதூர் - 607301"
Booth,60cc99fc-d606-411d-b47f-fcd8a04290ce,"Panchayat Union Elementary School,North Facing Building East Wing,S Puthur - 607301","ஊராட்சி ஒன்றிய தொடக்கப் பள்ளி, வடக்கு நோக்கிய கட்டிடம் கிழக்குப் பகுதி, எஸ்.புதூர் - 607301"
Booth,12c689e8-3d75-42bd-9773-02283a038c92,"Panchayat Union Elementary School,North Facing Building East Wing Vanniyar Street,Nagammalpettai Thondamanatham - 607301","ஊராட்சி ஒன்றிய தொடக்கப் பள்ளி, வடக்கு நோக்கிய கட்டிடம் கிழக்குப் பகுதி வன்னியர் தெரு, நாகம்மாள்பேட்டை தொண்டமானத்தம் - 607301"
Booth,c99ce77a-1dce-47f9-a96d-6513fa259ba1,"Panchayat Union Elementary School,North Facing Building West Wing Vanniyar Street,Nagammalpettai Thondamanatham - 607301","ஊராட்சி ஒன்றிய தொடக்கப் பள்ளி, வடக்கு நோக்கிய கட்டிடம் மேற்குப் பகுதி வன்னியர் தெரு, நாகம்மாள்பேட்டை தொண்டமானத்தம் - 607301"
Booth,08150337-f331-4f8f-a311-d1952be4d23e,"Panchayat Union Middle School,North Facing Building East Wing,Vinayagar Street, Thondamanatham - 607301","ஊராட்சி ஒன்றிய நடுநிலைப் பள்ளி, வடக்கு நோக்கிய கட்டிடம் கிழக்குப் பகுதி, விநாயகர் தெரு, தொண்டமானத்தம் - 607301"
Booth,44c8c96d-cb88-4f8d-9b65-bd898afc6185,"Panchayat Union Middle School,North Facing Building West Wing,Vinayagar Street, Thondamanatham - 607301","ஊராட்சி ஒன்றிய நடுநிலைப் பள்ளி, வடக்கு நோக்கிய கட்டிடம் மேற்குப் பகுதி, விநாயகர் தெரு, தொண்டமானத்தம் - 607301"
Booth,e9854f52-3a49-4562-b747-707fdda17e6f,"Panchayat Union Elementary School,North Facing Building, West Wing,Vazhuthalampattu (South) - 607301","ஊராட்சி ஒன்றிய தொடக்கப் பள்ளி, வடக்கு நோக்கிய கட்டிடம், மேற்குப் பகுதி, வழுத்தலம்பட்டு (தெற்கு) - 607301"
Booth,03241db1-da5b-4435-94c8-e6be8479ceb0,"St Susaiyappar R C Primary School,South Facing Building,Vazhuthalampattu (North) - 607301","புனித சுசையப்பர் ஆர்.சி. தொடக்கப் பள்ளி, தெற்கு நோக்கிய கட்டிடம், வழுத்தலம்பட்டு (வடக்கு) - 607301"
Booth,4b91ec00-1489-4ec8-adb3-1b0fdc32db25,"Panchayat Union Elementary School,North Facing Building East Wing,Chinnathanankuppam Vazhuthalampattu - 607301","ஊராட்சி ஒன்றிய தொடக்கப் பள்ளி, வடக்கு நோக்கிய கட்டிடம் கிழக்குப் பகுதி, சின்னதானங்குப்பம் வழுத்தலம்பட்டு - 607301"
Booth,366667c5-c038-4b28-b27b-2a0179352752,"Government Higher Secondary School,North Facing Building, East Wing Room No 5,Kullanchavadi – 607301","அரசு மேல்நிலைப் பள்ளி, வடக்கு நோக்கிய கட்டிடம், கிழக்குப் பகுதி அறை எண் 5, குள்ளஞ்சாவடி - 607301"
Booth,d805652e-cb60-4931-8859-e8eb891ab1f8,"Government Higher Secondary School, East Facing Building North Wing, Room No 8 Kullanchavadi - 607301","அரசு மேல்நிலைப் பள்ளி, கிழக்கு நோக்கிய கட்டிடம் வடக்குப் பகுதி, அறை எண் 8 குள்ளஞ்சாவடி - 607301"
Booth,955f7902-4aec-435f-86fd-b2080a5d54de,"S P G Aided Elementary School,East Facing Building South Wing,Annukampattu - 607301","எஸ்.பி.ஜி. உதவி பெறும் தொடக்கப் பள்ளி, கிழக்கு நோக்கிய கட்டிடம் தெற்குப் பகுதி, அன்னுக்கம்பட்டு - 607301"
Booth,1be784e9-ba05-4613-8e5f-0c59686bb16f,"Panchayat Union Middle School,South Facing Building Centre Wing,Periyakattusagai - 607301","ஊராட்சி ஒன்றிய நடுநிலைப் பள்ளி, தெற்கு நோக்கிய கட்டிடம் மையப் பகுதி, பெரியகாட்டுசாகை - 607301"
Booth,7f601f42-c06f-493f-affb-5242d4561bea,"Panchayat Union Middle School,South Facing Building West Wing,Periyakattusagai - 607301","ஊராட்சி ஒன்றிய நடுநிலைப் பள்ளி, தெற்கு நோக்கிய கட்டிடம் மேற்குப் பகுதி, பெரியகாட்டுசாகை - 607301"
Booth,df668651-8e3f-4026-a932-a7091090ec54,"Library Building,East Facing Building,Annukampattu - 607301","நூலகக் கட்டிடம், கிழக்கு நோக்கிய கட்டிடம், அன்னுக்கம்பட்டு - 607301"
Booth,0202f783-43b8-484c-b237-15cfda14a5cd,"Panchayat Union Elementary School, East Facing Building, North Palli Neer odai Anukkampattu - 607301","ஊராட்சி ஒன்றிய தொடக்கப் பள்ளி, கிழக்கு நோக்கிய கட்டிடம், வடக்கு பள்ளி நீர் ஓடை அனுக்கம்பட்டு - 607301"
Booth,4d345322-8aa2-44b2-afe6-574857629eab,"Panchayat Union Middle School,South Facing Building, West Wing,Ramanathankuppam – 607301","ஊராட்சி ஒன்றிய நடுநிலைப் பள்ளி, தெற்கு நோக்கிய கட்டிடம், மேற்குப் பகுதி, ராமநாதன்குப்பம் - 607301"
Booth,c4fe210a-b1d7-4cf7-8e81-e71b21e34bbc,"Panchayat Union Elementary School, North Facing Building, East Wing, Palli Neer odai South, Agaram Panchayat – 607301","ஊராட்சி ஒன்றிய தொடக்கப் பள்ளி, வடக்கு நோக்கிய கட்டிடம், கிழக்குப் பகுதி, பள்ளி நீர் ஓடை தெற்கு, அகரம் ஊராட்சி - 607301"
Booth,5d454639-c7ba-422b-8293-640f653b9d2b,"Panchayat Union Middle School, North Facing Building, East Wing, Thangalikuppam - 607301","ஊராட்சி ஒன்றிய நடுநிலைப் பள்ளி, வடக்கு நோக்கிய கட்டிடம், கிழக்குப் பகுதி, தங்கலிக்குப்பம் - 607301"
Booth,a97b4630-9145-4bae-b7d3-bb2da1eb12cf,"Panchayat Union Middle School, West Facing Building, North Wing, ,Thangalikuppam-607301","ஊராட்சி ஒன்றிய நடுநிலைப் பள்ளி, மேற்கு நோக்கிய கட்டிடம், வடக்குப் பகுதி, , தங்கலிக்குப்பம் - 607301"
Booth,ed2c3cb3-c05f-40c2-8ac2-75a9169e61b8,"Panchayat Union Middle School,East Facing Building,Thangalikuppam - 607301","ஊராட்சி ஒன்றிய நடுநிலைப் பள்ளி, கிழக்கு நோக்கிய கட்டிடம், தங்கலிக்குப்பம் - 607301"
Booth,91262d34-518b-4034-aeed-64ffc9e39dee,"Panchayat Union Elementary School,North Facing Building West Wing,Ambalavananpettai - 607301","ஊராட்சி ஒன்றிய தொடக்கப் பள்ளி, வடக்கு நோக்கிய கட்டிடம் மேற்குப் பகுதி, அம்பலவாணன்பேட்டை - 607301"
Booth,779bf36b-acb4-4cc6-a46a-34d0f2deaef4,"Government Higher Secondary School, North Facing Building, West Wing New Building, Kullanchavadi-607301","அரசு மேல்நிலைப் பள்ளி, வடக்கு நோக்கிய கட்டிடம், மேற்குப் பகுதி புதிய கட்டிடம், குள்ளஞ்சாவடி - 607301"
Booth,302a2a23-ba17-43f5-8003-09ad24257fb9,"Panchayat Union Elementary School,North Facing Building Centre Portion,Ambalavananpettai - 607301","ஊராட்சி ஒன்றிய தொடக்கப் பள்ளி, வடக்கு நோக்கிய கட்டிடம் மையப் பகுதி, அம்பலவாணன்பேட்டை - 607301"
Booth,32198a05-58f5-47ad-971e-1554b8602b60,"St Marys High School,North Facing Building East Wing,Krishnankuppam - 607301","செயின்ட் மேரிஸ் உயர்நிலைப் பள்ளி, வடக்கு நோக்கிய கட்டிடம் கிழக்குப் பகுதி, கிருஷ்ணன்குப்பம் - 607301"
Booth,f33bc0d9-6d77-4c81-8f58-5fd9f0485c2d,"St Marys High School,North Facing Building West Wing,Krishnankuppam - 607301","செயின்ட் மேரிஸ் உயர்நிலைப் பள்ளி, வடக்கு நோக்கிய கட்டிடம் மேற்குப் பகுதி, கிருஷ்ணன்குப்பம் - 607301"
Booth,3493b83d-8e2b-47b9-8370-7d97e45295c9,"Government Higher Secondary School,North Facing Building, West Wing,Krishnankuppam Panchayat Kattiyankuppam - 607301","அரசு மேல்நிலைப் பள்ளி, வடக்கு நோக்கிய கட்டிடம், மேற்குப் பகுதி, கிருஷ்ணன்குப்பம் ஊராட்சி கட்டியாங்குப்பம் - 607301"
Booth,cee5148b-64a7-41ec-8c17-9dea7934d44b,"Government Higher Secondary School,North Facing Building, East Wing,Krishnankuppam Panchayat Kattiyankuppam – 607301","அரசு மேல்நிலைப் பள்ளி, வடக்கு நோக்கிய கட்டிடம், கிழக்குப் பகுதி, கிருஷ்ணன்குப்பம் ஊராட்சி கட்டியாங்குப்பம் - 607301"
Booth,a43fc691-690b-4a83-bc8a-ae4387603b60,"Panchayat Union Elementary School,North Facing New Building,Krishnankuppam Panchayat Thimmaravuthankuppam - 607301","ஊராட்சி ஒன்றிய தொடக்கப் பள்ளி, வடக்கு நோக்கிய புதிய கட்டிடம், கிருஷ்ணன்குப்பம் ஊராட்சி திம்மராவுத்தன்குப்பம் - 607301"
Booth,22da20cc-30c0-4840-bc9f-b6b940f7865a,"Panchayat Union Middle School,South Facing Building East Wing,Ayeekuppam - 607301","ஊராட்சி ஒன்றிய நடுநிலைப் பள்ளி, தெற்கு நோக்கிய கட்டிடம் கிழக்குப் பகுதி, அய்யீக்குப்பம் - 607301"
Booth,a648c019-30fd-4309-bf24-25be0e0a6816,"Panchayat Union Middle School,South Facing Building West wing,Ayeekuppam - 607301","ஊராட்சி ஒன்றிய நடுநிலைப் பள்ளி, தெற்கு நோக்கிய கட்டிடம் மேற்கு பகுதி, அய்யீக்குப்பம் - 607301"
Booth,a6be8cea-c3cb-449f-8702-5ffde434a185,"Panchayat Union Elementary School,South Facing Building, East Wing ,Thoppukollai-607301","ஊராட்சி ஒன்றிய தொடக்கப் பள்ளி, தெற்கு நோக்கிய கட்டிடம், கிழக்குப் பகுதி, தோப்புக்கொல்லை - 607301"
Booth,f5dcb7ee-5ad3-41fe-b991-59ecd0bac403,"Village Service Centre,North Facing Building East Wing,T Palayam - 607301","கிராம சேவை மையம், வடக்கு நோக்கிய கட்டிடம் கிழக்குப் பகுதி, டி.பாளையம் - 607301"
Booth,acdbbfd1-8009-4923-aa12-1c26129ad95a,"Panchayat Union Middle School,South Facing Building East Wing,Thambipettai - 607301","ஊராட்சி ஒன்றிய நடுநிலைப் பள்ளி, தெற்கு நோக்கிய கட்டிடம் கிழக்குப் பகுதி, தம்பிப்பேட்டை - 607301"
Booth,f0f583b7-5f3d-4532-befa-9829bd292653,"Panchayat Union Middle School,South Facing Building West Wing,Thambipettai - 607301","ஊராட்சி ஒன்றிய நடுநிலைப் பள்ளி, தெற்கு நோக்கிய கட்டிடம் மேற்குப் பகுதி, தம்பிப்பேட்டை - 607301"
Booth,eba00951-9ff9-4853-a321-66c0c8f165ba,"Panchayat Union Elementary School,East Facing Building,Thaiyalgunampattinam - 607301","ஊராட்சி ஒன்றிய தொடக்கப் பள்ளி, கிழக்கு நோக்கிய கட்டிடம், தையல்குணம்பட்டினம் - 607301"
Booth,a405799d-330b-4296-9b74-b88de897e8ad,"Village Service Centre,North Facing Building East Wing,Sithalikuppam - 607301","கிராம சேவை மையம், வடக்கு நோக்கிய கட்டிடம் கிழக்குப் பகுதி, சித்தளிக்குப்பம் - 607301"
Booth,adb4d7f5-4b50-4043-999e-5ddfd8e88aaf,"Panchayat Union Middle School,North Facing Building East Wing,Pethanayakankuppam - 607302","ஊராட்சி ஒன்றிய நடுநிலைப் பள்ளி, வடக்கு நோக்கிய கட்டிடம் கிழக்குப் பகுதி, பேத்தநாயக்கன்குப்பம் - 607302"
Booth,e4ec48bf-9571-44e3-9da5-8eb59f8cc04a,"Panchayat Union Middle School,South Facing Building East Wing ,Pethanayakankuppam-607302","ஊராட்சி ஒன்றிய நடுநிலைப் பள்ளி, தெற்கு நோக்கிய கட்டிடம் கிழக்குப் பகுதி, பேத்தநாயக்கன்குப்பம் - 607302"
Booth,6e392a84-d30d-4835-95eb-1e754f4d001a,"Panchayat Union Middle School,North Facing Building West Wing,Pethanayakankuppam - 607302","ஊராட்சி ஒன்றிய நடுநிலைப் பள்ளி, வடக்கு நோக்கிய கட்டிடம் மேற்குப் பகுதி, பேத்தநாயக்கன்குப்பம் - 607302"
Booth,1c2f5fb4-ebfa-4115-b7eb-152a5684e8b9,"Panchayat Union Elementary School,South Facing Building East Wing,Kanchamanathanpettai Pethanayakkankuppam Panchayat - 607302","ஊராட்சி ஒன்றிய தொடக்கப் பள்ளி, தெற்கு நோக்கிய கட்டிடம் கிழக்குப் பகுதி, காஞ்சமாநத்தன்பேட்டை பெத்தநாயக்கன்குப்பம் ஊராட்சி - 607302"
Booth,0239f211-23ff-4acf-b69f-01ec2270d013,"Panchayat Union Elementary School,South Facing Building East Wing,Abatharanapuram Nagar Vadalur - 607303","ஊராட்சி ஒன்றிய தொடக்கப் பள்ளி, தெற்கு நோக்கிய கட்டிடம் கிழக்குப் பகுதி, அபத்தரணாபுரம் நகர் வடலூர் - 607303"
Booth,3e1f7f32-3891-47bb-84bc-ac1b191fb5d0,"Tripuraneni Vidyalaya Matriculation School,East Facing Building North Wing,Abatharanapuram Vadalur - 607303","திருபுரனேனி வித்யாலயா மெட்ரிகுலேஷன் பள்ளி, கிழக்கு நோக்கிய கட்டிடம் வடக்குப் பகுதி, அபத்தரணாபுரம் வடலூர் - 607303"
Booth,dcb1d7a6-e321-491d-85f6-b6b219a78dee,"Tripuraneni Vidyalaya Matriculation School,East Facing Building South Wing,Abatharanapuram Vadalur - 607303","திருபுரனேனி வித்யாலயா மெட்ரிகுலேஷன் பள்ளி, கிழக்கு நோக்கிய கட்டிடம் தெற்குப் பகுதி, அபத்தரணாபுரம் வடலூர் - 607303"
Booth,50a68f1b-74e6-432c-9ffd-8b0b10353b41,"Panchayat Union Elementary School,West Facing Building North Wing ,Abatharanapuram Vadalur-607303","ஊராட்சி ஒன்றிய தொடக்கப் பள்ளி, மேற்கு நோக்கிய கட்டிடம் வடக்குப் பகுதி, அபத்தரணாபுரம் வடலூர் - 607303"
Booth,67565ef1-a85c-4fc0-a6eb-fc5e100d2f9f,"Panchayat Union Elementary School,South Facing Building West Wing,Abatharanapuram Nagar Vadalur - 607303","ஊராட்சி ஒன்றிய தொடக்கப் பள்ளி, தெற்கு நோக்கிய கட்டிடம் மேற்குப் பகுதி, அபத்தரணாபுரம் நகர் வடலூர் - 607303"
Booth,ce3aa82f-4b49-4f67-bca7-e3df96daeafa,"Panchayat Union Elementary School,South Facing Building East Wing,Abatharanapuram Vadalur - 607303","ஊராட்சி ஒன்றிய தொடக்கப் பள்ளி, தெற்கு நோக்கிய கட்டிடம் கிழக்குப் பகுதி, அபத்தரணாபுரம் வடலூர் - 607303"
Booth,32ba9c46-bc01-474d-95fc-9172e22f1e67,"Government High School,North Facing building East Wing,Abathanaranapuram Vadalur - 607303","அரசு உயர்நிலைப் பள்ளி, வடக்கு நோக்கிய கட்டிடம் கிழக்குப் பகுதி, அபத்தரணாபுரம் வடலூர் - 607303"
Booth,b47b7f9c-6176-4f27-8ee7-07d8f08061d4,"Panchayat Union Elementary School,South Facing Building East Wing,Abatharanapuram, Vadalur - 607303","ஊராட்சி ஒன்றிய தொடக்கப் பள்ளி, தெற்கு நோக்கிய கட்டிடம் கிழக்குப் பகுதி, அபத்தரணாபுரம், வடலூர் - 607303"
Booth,5de9c494-a177-4195-8b7d-b049c4dd339d,"Panchayat Union Elementary School,East Facing Building South Wing,Abathanaranapuram Vadalur - 607303","ஊராட்சி ஒன்றிய தொடக்கப் பள்ளி, கிழக்கு நோக்கிய கட்டிடம் தெற்குப் பகுதி, அபத்தரணாபுரம் வடலூர் - 607303"
Booth,a570f668-24a4-43d5-8af8-5dbe6b958ecf,"Panchayat Union Elementary School,East Facing Building North Wing,Ayan Kurinjipadi - 607302","ஊராட்சி ஒன்றிய தொடக்கப் பள்ளி, கிழக்கு நோக்கிய கட்டிடம் வடக்குப் பகுதி, ஆயன் குறிஞ்சிப்பாடி - 607302"
Booth,8d7584c5-197a-43a0-8f64-3eecbfb46f92,"Panchayat Union Elementary School,East Facing Building South Wing,Ayan Kurinjipadi - 607302","ஊராட்சி ஒன்றிய தொடக்கப் பள்ளி, கிழக்கு நோக்கிய கட்டிடம் தெற்குப் பகுதி, ஆயன் குறிஞ்சிப்பாடி - 607302"
Booth,51ff4c76-efd6-4f0c-a2ba-99e49de4d871,"Government Boys Higher Secondary School, East Facing Building,  South Wing, Kurinjipadi - 607302","அரசு ஆண்கள் மேல்நிலைப் பள்ளி, கிழக்கு நோக்கிய கட்டிடம், தெற்குப் பகுதி, குறிஞ்சிப்பாடி - 607302"
Booth,a5ee00b5-66d9-4dbc-a6b9-aa61a3cd9ffa,"Government Boys Higher Secondary School,East Facing New Building North Wing,Kurinjipadi - 607302","அரசு ஆண்கள் மேல்நிலைப் பள்ளி, கிழக்கு நோக்கிய புதிய கட்டிடம் வடக்குப் பகுதி, குறிஞ்சிப்பாடி - 607302"
Booth,7a22bbfa-b6ef-42bf-9600-b96f9b4485f6,"Assistant Executive Engineer Office,East Facing Building North Wing Panchayat Union office,Kurinjipadi - 607302","உதவி செயற்பொறியாளர் அலுவலகம், கிழக்கு நோக்கிய கட்டிடம் வடக்குப் பகுதி ஊராட்சி ஒன்றிய அலுவலகம், குறிஞ்சிப்பாடி - 607302"
Booth,c7d782ca-3421-4f87-bdc7-3e03d2d9efd7,"Panchayat Union Middle School,South Facing Building East Wing,Ellapanpettai - 607302","ஊராட்சி ஒன்றிய நடுநிலைப் பள்ளி, தெற்கு நோக்கிய கட்டிடம் கிழக்குப் பகுதி, எல்லப்பன்பேட்டை - 607302"
Booth,f33b7517-d78c-4427-b8a8-7b971896d78f,"Panchayat Union Elementary School (West), East Facing Building North Wing,Kurinjipadi - 607302","ஊராட்சி ஒன்றிய தொடக்கப் பள்ளி (மேற்கு), கிழக்கு நோக்கிய கட்டிடம் வடக்குப் பகுதி, குறிஞ்சிப்பாடி - 607302"
Booth,837a8cf6-5803-4205-ae0f-21fd901df411,"Panchayat Union Elementary School (East),West Facing Building South Wing,Kurinjipadi-607302","ஊராட்சி ஒன்றிய தொடக்கப் பள்ளி (கிழக்கு), மேற்கு நோக்கிய கட்டிடம் தெற்குப் பகுதி, குறிஞ்சிப்பாடி - 607302"
Booth,615f9f62-c66b-4446-aafd-2322a6ce71cc,"Government Girls Higher Secondary School, West Facing Building Middle Room, Kurinjipadi-607302","அரசு பெண்கள் மேல்நிலைப் பள்ளி, மேற்கு நோக்கிய கட்டிடம் மத்திய அறை, குறிஞ்சிப்பாடி - 607302"
Booth,47c073cb-19ad-4906-a7c6-10d98260ec7d,"Panchayat Union Ele School (West), East Facing Building South Wing,Kurinjipadi – 607302","ஊராட்சி ஒன்றிய தொடக்கப் பள்ளி (மேற்கு), கிழக்கு நோக்கிய கட்டிடம் தெற்குப் பகுதி, குறிஞ்சிப்பாடி - 607302"
Booth,c248fb02-b692-42f9-b04c-14dcbd227c74,"Government Girls Higher Secondary School,South Facing Building Middle Wing,Kurinjipadi - 607302","அரசு பெண்கள் மேல்நிலைப் பள்ளி, தெற்கு நோக்கிய கட்டிடம் மத்திய பகுதி, குறிஞ்சிப்பாடி - 607302"
Booth,fde5b424-34b9-42fe-8e03-f63fa4dc1772,"Government Girls Higher Secondary School, East Facing Building Middle Room ,Kurinjipadi-607302","அரசு பெண்கள் மேல்நிலைப் பள்ளி, கிழக்கு நோக்கிய கட்டிடம் மத்திய அறை, குறிஞ்சிப்பாடி - 607302"
Booth,1e1bf31c-aae2-410d-9128-9fd8d6975db3,"Town Panchayat Office,Main Building,Kurinjipadi - 607302","பேரூராட்சி அலுவலகம், முதன்மைக் கட்டிடம், குறிஞ்சிப்பாடி - 607302"
Booth,c69239c6-bc77-451b-8dc8-fe863648daec,"S K Velayudham Higher Secondary School,West Facing Building South Wing,Kurinjipadi - 607302","எஸ்.கே. வேலாயுதம் மேல்நிலைப் பள்ளி, மேற்கு நோக்கிய கட்டிடம் தெற்குப் பகுதி, குறிஞ்சிப்பாடி - 607302"
Booth,fd30d283-fa22-4e00-aafd-48097ba76d72,"S K Velayudham Higher Secondary School,West Facing New Building North Wing,Kurinjipadi - 607302","எஸ்.கே. வேலாயுதம் மேல்நிலைப் பள்ளி, மேற்கு நோக்கிய புதிய கட்டிடம் வடக்குப் பகுதி, குறிஞ்சிப்பாடி - 607302"
Booth,e7e02bb5-bac3-4aca-8580-da604be31f23,"Panchayat Union Elementary School,West Facing Building North Wing,Vizhapallam – 607302","ஊராட்சி ஒன்றிய தொடக்கப் பள்ளி, மேற்கு நோக்கிய கட்டிடம் வடக்குப் பகுதி, விழப்பள்ளம் - 607302"
Booth,3b1b8b50-a9da-497f-a205-5072a282b7c0,"Government Girls Higher Secondary School,West Facing Building North Wing,Kurinjipadi - 607302","அரசு பெண்கள் மேல்நிலைப் பள்ளி, மேற்கு நோக்கிய கட்டிடம் வடக்குப் பகுதி, குறிஞ்சிப்பாடி - 607302"
Booth,def560ca-3e0f-4053-acef-71673920cec7,"Panchayat Union Middle School,West Facing Building North Wing Thiruvalluvar Nagar Nesavalar Quarters,Meenakshipettai - 607302","ஊராட்சி ஒன்றிய நடுநிலைப் பள்ளி, மேற்கு நோக்கிய கட்டிடம் வடக்குப் பகுதி திருவள்ளுவர் நகர் நெசவாளர் குடியிருப்புகள், மீனாட்சிப்பேட்டை - 607302"
Booth,c00279b3-c243-4f51-8b4e-e5d12713b729,"Panchayat Union Elementary School,North Facing Building,K Nellikppam Kurinjipadi - 607302","ஊராட்சி ஒன்றிய தொடக்கப் பள்ளி, வடக்கு நோக்கிய கட்டிடம், கே.நெல்லிக்குப்பம் குறிஞ்சிப்பாடி - 607302"
Booth,5257b412-d5a7-4b28-9511-4caf0cf99ea5,"Panchayat Union Middle School,South Facing Building East Wing Thiruvalluvar Nagar Nesavalar Quarters,Meenakshipettai - 607302","ஊராட்சி ஒன்றிய நடுநிலைப் பள்ளி, தெற்கு நோக்கிய கட்டிடம் கிழக்குப் பகுதி திருவள்ளுவர் நகர் நெசவாளர் குடியிருப்புகள், மீனாட்சிப்பேட்டை - 607302"
Booth,52733744-b43a-437d-bba2-161b0b7a14ff,"Panchayat Union Middle School,South Facing Building West Wing Thiruvalluvar Nagar Nesavalar Quarters,Meenakshipettai - 607302","ஊராட்சி ஒன்றிய நடுநிலைப் பள்ளி, தெற்கு நோக்கிய கட்டிடம் மேற்குப் பகுதி திருவள்ளுவர் நகர் நெசவாளர் குடியிருப்புகள், மீனாட்சிப்பேட்டை - 607302"
Booth,3126a8cb-692e-4c48-97e4-76b6b976a54d,"Government High School,North Facing Building West Wing,Kannitamilnadu Kurinjipadi - 607302","அரசு உயர்நிலைப் பள்ளி, வடக்கு நோக்கிய கட்டிடம் மேற்குப் பகுதி, கன்னித்தமிழ்நாடு குறிஞ்சிப்பாடி - 607302"
Booth,baaac954-fa9f-4872-9a3e-31e4ba299ab7,"Government High School,North Facing Building East Wing,Kannitamilnadu Kurinjipadi - 607302","அரசு உயர்நிலைப் பள்ளி, வடக்கு நோக்கிய கட்டிடம் கிழக்குப் பகுதி, கன்னித்தமிழ்நாடு குறிஞ்சிப்பாடி - 607302"
Booth,68f1a8d7-5bc0-4949-adc1-5518b1348ee6,"Municipal Elementary School, West Facing Building,Serakuppam Vadalur - 607303","நகராட்சி தொடக்கப் பள்ளி, மேற்கு நோக்கிய கட்டிடம், சேராக்குப்பம் வடலூர் - 607303"
Booth,1abd4817-4121-4bb4-80c7-b1acd5a94dc9,"Government Higher Secondary School,North Facing Building, East Wing,2nd Room, Puthu Nagar Parvathipuram Vadalur-607303","அரசு மேல்நிலைப் பள்ளி, வடக்கு நோக்கிய கட்டிடம், கிழக்குப் பகுதி, இரண்டாம் அறை, புதுநகர் பர்வதிபுரம் வடலூர் - 607303"
Booth,5482ae23-1b52-4922-915f-afbbe69213e8,"Panchayat Union Elementary School,North Facing East Wing Building,Venkattankuppam Serakuppam - 607303","ஊராட்சி ஒன்றிய தொடக்கப் பள்ளி, வடக்கு நோக்கிய கிழக்குப் பகுதி கட்டிடம், வெங்கட்டான்குப்பம் சேராக்குப்பம் - 607303"
Booth,c37c29d5-00ea-40ce-af03-61f159c83807,"St. John High School,North Facing Building, West Wing, 1st Room,Serakuppam, Vadalur - 607303","செயின்ட் ஜான் உயர்நிலைப் பள்ளி, வடக்கு நோக்கிய கட்டிடம், மேற்குப் பகுதி, முதல் அறை, சேராக்குப்பம், வடலூர் - 607303"
Booth,43bcd93a-2f1a-4606-aa4f-e3f607cd97ae,"Panchayat Union Elementary School,North Facing West Wing Building,Venkattankuppam Serakuppam - 607303","ஊராட்சி ஒன்றிய தொடக்கப் பள்ளி, வடக்கு நோக்கிய மேற்குப் பகுதி கட்டிடம், வெங்கட்டான்குப்பம் சேராக்குப்பம் - 607303"
Booth,05924f80-b901-4de8-8058-30e20edde359,"St. John High School,North Facing Building, West Wing, 2nd Room,Serakuppam, Vadalur - 607303","செயின்ட் ஜான் உயர்நிலைப் பள்ளி, வடக்கு நோக்கிய கட்டிடம், மேற்குப் பகுதி, இரண்டாம் அறை, சேராக்குப்பம், வடலூர் - 607303"
Booth,b94a745d-8f23-459d-8fbd-ee3cc39e401f,"R C Primary School,West Facing North Wing building Kumbakonam Road,Serakuppam Vadalur - 607303","ஆர்.சி. தொடக்கப் பள்ளி, மேற்கு நோக்கிய வடக்குப் பகுதி கட்டிடம் கும்பகோணம் சாலை, சேராக்குப்பம் வடலூர் - 607303"
Booth,821571be-d228-43df-a627-34c5b0c28d49,"R C Primary School,West Facing South Wing Building Kumbakonam Road,Serakuppam Vadalur - 607303","ஆர்.சி. தொடக்கப் பள்ளி, மேற்கு நோக்கிய தெற்குப் பகுதி கட்டிடம் கும்பகோணம் சாலை, சேராக்குப்பம் வடலூர் - 607303"
Booth,aa4b5e6b-b7b6-4dea-b709-cab20f994ad8,"Panchayat Union Elementary School, South  Facing Building, West Wing, Pudhu Nagar Parvathipuram - 607303","ஊராட்சி ஒன்றிய தொடக்கப் பள்ளி, தெற்கு நோக்கிய கட்டிடம், மேற்குப் பகுதி, புதுநகர் பர்வதிபுரம் - 607303"
Booth,b92d1f93-b61a-4538-9422-303804e8144c,"Panchayat Union Middle School,East Facing New Building South Wing,Parvathipuram Vadalur -607303","ஊராட்சி ஒன்றிய நடுநிலைப் பள்ளி, கிழக்கு நோக்கிய புதிய கட்டிடம் தெற்குப் பகுதி, பர்வதிபுரம் வடலூர் - 607303"
Booth,9aa59658-2b09-4781-8599-3e09a8a84b53,"Panchayat Union Middle School,East Facing New Building North Wing,Parvathipuram Vadalur -607303","ஊராட்சி ஒன்றிய நடுநிலைப் பள்ளி, கிழக்கு நோக்கிய புதிய கட்டிடம் வடக்குப் பகுதி, பர்வதிபுரம் வடலூர் - 607303"
Booth,0d5c6242-9e97-41b0-988d-0088bf4e6be8,"Government Higher Secondary School,South Facing Building,Puthu Nagar Parvathipuram Vadalur - 607303","அரசு மேல்நிலைப் பள்ளி, தெற்கு நோக்கிய கட்டிடம், புதுநகர் பர்வதிபுரம் வடலூர் - 607303"
Booth,452fafdc-b880-4c9f-8491-c2c2ace2cbd4,"Panchayat Union Middle School,East Facing old Building South Wing,Parvathipuram Vadalur -607303","ஊராட்சி ஒன்றிய நடுநிலைப் பள்ளி, கிழக்கு நோக்கிய பழைய கட்டிடம் தெற்குப் பகுதி, பர்வதிபுரம் வடலூர் - 607303"
Booth,44eee74d-e18c-4486-ba16-ef4de6e9f729,"Vallalar Gurukulam Higher Secondary School,East Facing South Wing building,Parvathipuram Vadalur - 607303","வள்ளலார் குருகுலம் மேல்நிலைப் பள்ளி, கிழக்கு நோக்கிய தெற்குப் பகுதி கட்டிடம், பர்வதிபுரம் வடலூர் - 607303"
Booth,95553143-3fa2-44c2-bb13-e338887bbc9e,"Govt., Hr Sec., School, North Facing Building, East Wing, 1st Room, Puthu Nagar Parvathipuram Vadalur-607303","அரசு, மேல்நிலை, பள்ளி, வடக்கு நோக்கிய கட்டிடம், கிழக்குப் பகுதி, முதல் அறை, புதுநகர் பர்வதிபுரம் வடலூர் - 607303"
Booth,6901b9d3-65bd-4d10-b032-75c625bf70b7,"Vallalar Gurukulam Higher Secondary School,West Facing North Wing New Building,Parvathipuram Vadalur - 607303","வள்ளலார் குருகுலம் மேல்நிலைப் பள்ளி, மேற்கு நோக்கிய வடக்குப் பகுதி புதிய கட்டிடம், பர்வதிபுரம் வடலூர் - 607303"
Booth,747e9211-1802-434e-9fbb-0f9c9740fbc1,"Vallalar Gurukulam Higher Secondary School,West Facing South Wing Building,Parvathipuram Vadalur - 607303","வள்ளலார் குருகுலம் மேல்நிலைப் பள்ளி, மேற்கு நோக்கிய தெற்குப் பகுதி கட்டிடம், பர்வதிபுரம் வடலூர் - 607303"
Booth,cf4076e4-3250-4825-9d46-5d31b4cf8011,"Kalaimagal Aided Middle School,North Facing Building East Wing,Kattukollai - 607303","கலைமகள் உதவி பெறும் நடுநிலைப் பள்ளி, வடக்கு நோக்கிய கட்டிடம் கிழக்குப் பகுதி, காட்டுக்கொல்லை - 607303"
Booth,5191d60c-87ce-47d6-a576-3048eb5e61d5,"Kalaimagal Aided Middle School,North Facing Building West Wing,Kattukollai - 607303","கலைமகள் உதவி பெறும் நடுநிலைப் பள்ளி, வடக்கு நோக்கிய கட்டிடம் மேற்குப் பகுதி, காட்டுக்கொல்லை - 607303"
Booth,841c753f-8e62-459d-9175-5313fb8b8833,"Sri Kalaivani Vidyalaya Nursury & Primary School,North Facing Building,Vadalur - 607303","ஸ்ரீ கலைவாணி வித்யாலயா நர்சரி மற்றும் தொடக்கப் பள்ளி, வடக்கு நோக்கிய கட்டிடம், வடலூர் - 607303"
Booth,24f0d369-b2ef-43b0-a955-32d9d25534d0,"Sri Kalaivani Vidyalaya Nursury & Primary School,North Facing West Wing Building,Puthu Nagar Vadalur - 607303","ஸ்ரீ கலைவாணி வித்யாலயா நர்சரி மற்றும் தொடக்கப் பள்ளி, வடக்கு நோக்கிய மேற்குப் பகுதி கட்டிடம், புதுநகர் வடலூர் - 607303"
Booth,0da82215-1e93-4761-ac6a-7564e7908f60,"Government Higher Secondary School, East Facing Building North Wing, Puthu Nagar Parvathipuram Vadalur - 607303","அரசு மேல்நிலைப் பள்ளி, கிழக்கு நோக்கிய கட்டிடம் வடக்குப் பகுதி, புதுநகர் பர்வதிபுரம் வடலூர் - 607303"
Booth,90711b20-2e4a-4f49-b9c1-ff39c0e607c3,"Panchayat Union Elementary School, South Facing Building, East Wing, Puthu Nagar Parvathipuram Vadalur -607303","ஊராட்சி ஒன்றிய தொடக்கப் பள்ளி, தெற்கு நோக்கிய கட்டிடம், கிழக்குப் பகுதி, புதுநகர் பர்வதிபுரம் வடலூர் - 607303"
Booth,4994616b-62f2-4061-a695-ac2b4f360490,"Vallalar Gurukulam Higher Secondary School,East Facing North Wing Building,Parvathipuram Vadalur-607303","வள்ளலார் குருகுலம் மேல்நிலைப் பள்ளி, கிழக்கு நோக்கிய வடக்குப் பகுதி கட்டிடம், பர்வதிபுரம் வடலூர் - 607303"
Booth,0f29b4d4-1d47-41c6-a3ba-9737ac85dc01,"Government Girls Higher Secondary School,East Facing Building North Wing,Parvathipuram Vadalur - 607303","அரசு பெண்கள் மேல்நிலைப் பள்ளி, கிழக்கு நோக்கிய கட்டிடம் வடக்குப் பகுதி, பர்வதிபுரம் வடலூர் - 607303"
Booth,efd815fb-32ac-4ce4-a7bb-3fa2296daeeb,"Government Girls Higher Secondary School,East Facing Building South Wing,Parvathipuram Vadalur - 607303","அரசு பெண்கள் மேல்நிலைப் பள்ளி, கிழக்கு நோக்கிய கட்டிடம் தெற்குப் பகுதி, பர்வதிபுரம் வடலூர் - 607303"
Booth,583ea8b9-1b2b-4809-a08a-6a720b0500ce,"Panchayat Union Elementary School,West Facing Building South Wing,Karunkuzhi - 607303","ஊராட்சி ஒன்றிய தொடக்கப் பள்ளி, மேற்கு நோக்கிய கட்டிடம் தெற்குப் பகுதி, கருங்குழி - 607303"
Booth,bf41665e-f07c-47a7-b953-45671038b307,"Panchayat Union Elementary School,West Facing Building North Wing,Karunkuzhi - 607303","ஊராட்சி ஒன்றிய தொடக்கப் பள்ளி, மேற்கு நோக்கிய கட்டிடம் வடக்குப் பகுதி, கருங்குழி - 607303"
Booth,764353ad-7a69-4041-a577-ac90c31777e2,"Government Higher Secondary School, South Facing Building West Wing,Karunkuzhi - 607303","அரசு மேல்நிலைப் பள்ளி, தெற்கு நோக்கிய கட்டிடம் மேற்குப் பகுதி, கருங்குழி - 607303"
Booth,436ebb00-97b9-43b8-818f-b6f7db2e675c,"Government Higher Secondary School, South Facing Building East Wing,Karunkuzhi - 607303","அரசு மேல்நிலைப் பள்ளி, தெற்கு நோக்கிய கட்டிடம் கிழக்குப் பகுதி, கருங்குழி - 607303"
Booth,2cd2ab3e-16c7-496a-8158-ec4d11444dc2,"Government High School,North Facing Building West Wing,Mettukuppam - 607802","அரசு உயர்நிலைப் பள்ளி, வடக்கு நோக்கிய கட்டிடம் மேற்குப் பகுதி, மேட்டுக்குப்பம் - 607802"
Booth,1f383eff-fbae-49f4-91a3-bcf98367b706,"Panchayat Council Office,North Facing Building,Kolakkudi - 607802","ஊராட்சி மன்ற அலுவலகம், வடக்கு நோக்கிய கட்டிடம், கொளக்குடி - 607802"
Booth,8ab95fc4-24d0-45c6-b25e-c804d3633d67,"Panchayat Library,North Facing Building,Kolakkudi – 607802","ஊராட்சி நூலகம், வடக்கு நோக்கிய கட்டிடம், கொளக்குடி - 607802"
Booth,8dda1728-7b1d-48ac-b83d-2d932416bb0d,"Panchayat Union Elementary School,East Facing Building North Wing,Nainarkuppam - 607303","ஊராட்சி ஒன்றிய தொடக்கப் பள்ளி, கிழக்கு நோக்கிய கட்டிடம் வடக்குப் பகுதி, நயினார்குப்பம் - 607303"
Booth,4be3652e-4a45-4027-add6-8f11ef55060b,"Government High School,East Facing New Building North Wing,Maruvai - 607303","அரசு உயர்நிலைப் பள்ளி, கிழக்கு நோக்கிய புதிய கட்டிடம் வடக்குப் பகுதி, மருவாய் - 607303"
Booth,cc7f258c-ca4b-45f7-8e42-1a39579361cc,"Government High School,East Facing New Building Middle Wing,Maruvai - 607303","அரசு உயர்நிலைப் பள்ளி, கிழக்கு நோக்கிய புதிய கட்டிடம் மத்திய பகுதி, மருவாய் - 607303"
Booth,061be921-f8ac-4bc1-9877-cdb8692de6a0,"Anganvadi Centre,East Facing New Building South Wing,Arangamangalam - 607302","அங்கன்வாடி மையம், கிழக்கு நோக்கிய புதிய கட்டிடம் தெற்குப் பகுதி, அரங்கமங்கலம் - 607302"
Booth,24db7099-317e-41bf-b64b-bed6d6cd0a4e,"Village Service Centre,North Facing Building West Wing,Arangamangalam - 607302","கிராம சேவை மையம், வடக்கு நோக்கிய கட்டிடம் மேற்குப் பகுதி, அரங்கமங்கலம் - 607302"
Booth,9091656f-6ff3-404e-843b-7dc023637549,"Panchayat Union Elementary School,South Facing Building East Wing,Rasakuppam - 607302","ஊராட்சி ஒன்றிய தொடக்கப் பள்ளி, தெற்கு நோக்கிய கட்டிடம் கிழக்குப் பகுதி, ராசாக்குப்பம் - 607302"
Booth,49ff583a-2e89-4ca0-9173-5263c5f7509c,"Panchayat Union Elementary School,South Facing Building West Wing,Rasakuppam - 607302","ஊராட்சி ஒன்றிய தொடக்கப் பள்ளி, தெற்கு நோக்கிய கட்டிடம் மேற்குப் பகுதி, ராசாக்குப்பம் - 607302"
Booth,2bb32624-c12a-429d-a9f3-6d43f98b5fd1,"Panchayat Union Elementary School,West Facing Building, North Wing,Kalkunam – 607302","ஊராட்சி ஒன்றிய தொடக்கப் பள்ளி, மேற்கு நோக்கிய கட்டிடம், வடக்குப் பகுதி, கல்குணம் - 607302"
Booth,3251a5de-7206-497a-b875-f6770ab5290d,"Government High School,East Facing New Building, North Wing,Kalkunam – 607302","அரசு உயர்நிலைப் பள்ளி, கிழக்கு நோக்கிய புதிய கட்டிடம், வடக்குப் பகுதி, கல்குணம் - 607302"
Booth,186ba1df-b4d0-49df-8db1-0e0298bf2c16,"Adidravidar Welfare School, East Facing New Building, North Wing, Melapudhupettai – 607302","ஆதிதிராவிடர் நலப்பள்ளி, கிழக்கு நோக்கிய புதிய கட்டிடம், வடக்குப் பகுதி, மேலப்புதுப்பேட்டை - 607302"
Booth,8a5acb8b-2612-48c4-ade9-b24c9928b420,"Panchayat Union Elementary School,East Facing Building,Boothambadi - 607302","ஊராட்சி ஒன்றிய தொடக்கப் பள்ளி, கிழக்கு நோக்கிய கட்டிடம், பூதம்பாடி - 607302"
Booth,e2ab6738-c7b8-492f-a58d-2b2fa577ca4d,"Panchayat Union Elementary School,West Facing Building North Wing,Adoor Agaram - 607302","ஊராட்சி ஒன்றிய தொடக்கப் பள்ளி, மேற்கு நோக்கிய கட்டிடம் வடக்குப் பகுதி, ஆதூர் அகரம் - 607302"
Booth,bc7bab81-677f-47cc-863a-702cff0c320f,"Panchayat Union Elementary School, West Facing New Building South Wing, Adoor Agaram - 607302","ஊராட்சி ஒன்றிய தொடக்கப் பள்ளி, மேற்கு நோக்கிய புதிய கட்டிடம் தெற்குப் பகுதி, ஆதூர் அகரம் - 607302"
Booth,30ea3a6c-9319-4ace-a1c5-ccd3338467a8,"Government High School,North Facing Building Centre Wing,AdoorAgaram - 607302","அரசு உயர்நிலைப் பள்ளி, வடக்கு நோக்கிய கட்டிடம் மையப் பகுதி, ஆதூர்அகரம் - 607302"
Booth,13d05dfb-b746-41d7-b4e1-5dee6f890585,"Panchayat Union Middle School,West Facing Building South Wing,Kuruvappanpettai - 607302","ஊராட்சி ஒன்றிய நடுநிலைப் பள்ளி, மேற்கு நோக்கிய கட்டிடம் தெற்குப் பகுதி, குருவப்பன்பேட்டை - 607302"
Booth,facde1c7-bb28-428c-bcc9-800d0325be01,"Radhakrishnan Aided Middle School,North Facing Building Middle Wing,Adoorkuppam - 607302","ராதாகிருஷ்ணன் உதவி பெறும் நடுநிலைப் பள்ளி, வடக்கு நோக்கிய கட்டிடம் மத்திய பகுதி, ஆதூர்குப்பம் - 607302"
Booth,e72d9f17-0b3d-4a2a-8772-da5ccefc91b4,"Vallalar Aided Ele School,South Facing Building West Wing,Viruppatchi Pottaveli - 607302","வள்ளலார் உதவி பெறும் தொடக்கப் பள்ளி, தெற்கு நோக்கிய கட்டிடம் மேற்குப் பகுதி, விருப்பாட்சி பொட்டவெளி - 607302"
Booth,27b303ca-62fb-4997-b5ad-b462ef13b8d2,"Vallalar Aided Elementary School,West Facing Building,Viruppatchi Pottaveli - 607302","வள்ளலார் உதவி பெறும் தொடக்கப் பள்ளி, மேற்கு நோக்கிய கட்டிடம், விருப்பாட்சி பொட்டவெளி - 607302"
Booth,864de610-9474-45ce-a80c-3279ceee01de,"Arulmigu Vallalar Aided High School,North facing Building West Wing,Velavinayagarkuppam - 607302","அருள்மிகு வள்ளலார் உதவி பெறும் உயர்நிலைப் பள்ளி, வடக்கு நோக்கிய கட்டிடம் மேற்குப் பகுதி, வேலவிநாயகர்குப்பம் - 607302"
Booth,5a82844f-05cf-476c-9498-a81672d4a2e4,"Arulmigu Vallalar Aided High School,North Facing Building East Wing,Velavinayagarkuppam - 607302","அருள்மிகு வள்ளலார் உதவி பெறும் உயர்நிலைப் பள்ளி, வடக்கு நோக்கிய கட்டிடம் கிழக்குப் பகுதி, வேலவிநாயகர்குப்பம் - 607302"
Booth,490675fd-358d-4e24-8fdc-f67dba4ecb97,"Radhakrishnan Aided Middle School,North Facing Building East Wing,Adoorkuppam - 607302","ராதாகிருஷ்ணன் உதவி பெறும் நடுநிலைப் பள்ளி, வடக்கு நோக்கிய கட்டிடம் கிழக்குப் பகுதி, ஆதூர்குப்பம் - 607302"
Booth,f5d656c1-0fd7-4df0-a488-2896d3c103ce,"Panchayat Union Middle School,West Facing New S S A Building North Wing,Kannadi - 607302","ஊராட்சி ஒன்றிய நடுநிலைப் பள்ளி, மேற்கு நோக்கிய புதிய எஸ்.எஸ்.ஏ. கட்டிடம் வடக்குப் பகுதி, கண்ணாடி - 607302"
Booth,07b52bf8-9f22-45ed-8bfc-f43a9c734cb7,"Panchayat Union Middle School,West Facing Building South Wing,Kannadi - 607302","ஊராட்சி ஒன்றிய நடுநிலைப் பள்ளி, மேற்கு நோக்கிய கட்டிடம் தெற்குப் பகுதி, கண்ணாடி - 607302"
Booth,f02e63f6-5877-4df0-beba-36c65eff8b32,"Panchayat Union Middle School,West facing S S A New Building South Side,Kannadi - 607302","ஊராட்சி ஒன்றிய நடுநிலைப் பள்ளி, மேற்கு நோக்கிய எஸ்.எஸ்.ஏ. புதிய கட்டிடம் தெற்கு பக்கம், கண்ணாடி - 607302"
Booth,30b6e823-1c07-43a7-95e3-aa2f840f7fb9,"Panchayat Union Middle School,North Facing Building West Wing,Kothavachery - 608601","ஊராட்சி ஒன்றிய நடுநிலைப் பள்ளி, வடக்கு நோக்கிய கட்டிடம் மேற்குப் பகுதி, கொத்தவாச்சேரி - 608601"
Booth,09ede87e-85e0-4973-b967-2f888a6ff207,"Panchayat Union Middle School,North Facing Building Middle Room ,Kothavachery-608601","ஊராட்சி ஒன்றிய நடுநிலைப் பள்ளி, வடக்கு நோக்கிய கட்டிடம் மத்திய அறை, கொத்தவாச்சேரி - 608601"
Booth,c70b127e-98c3-4133-ab1d-628f69c78d18,"Government High School,North Facing Building West Wing,Kundiyamallur - 607301","அரசு உயர்நிலைப் பள்ளி, வடக்கு நோக்கிய கட்டிடம் மேற்குப் பகுதி, குண்டியமல்லூர் - 607301"
Booth,daa34a3b-d4a9-46df-97dc-143382ac565a,"Government High School,North Facing Building Centre Wing,Kundiyamallur - 607301","அரசு உயர்நிலைப் பள்ளி, வடக்கு நோக்கிய கட்டிடம் மையப் பகுதி, குண்டியமல்லூர் - 607301"
Booth,0bb9542e-6786-402d-ba8c-66ed1de2476d,"Panchayat Union  Elementary School,West Facing Building North Wing,Kallaiyankuppam - 607301","ஊராட்சி ஒன்றியம் தொடக்க பள்ளி, மேற்கு நோக்கிய கட்டிடம் வடக்குப் பகுதி, கள்ளையன்குப்பம் - 607301"
Booth,b7381afc-c310-4a07-8e5f-32db90e28811,"Panchayat Union Elementary School,West Facing Building South Wing,Kallaiyankuppam - 607301","ஊராட்சி ஒன்றிய தொடக்கப் பள்ளி, மேற்கு நோக்கிய கட்டிடம் தெற்குப் பகுதி, கள்ளையன்குப்பம் - 607301"
Booth,d0e52635-70dd-4de5-8c39-23c682c36f70,"Panchayat Union Middle School,West Facing Building Middle Wing,Kuruvappanpettai - 607302","ஊராட்சி ஒன்றிய நடுநிலைப் பள்ளி, மேற்கு நோக்கிய கட்டிடம் மத்திய பகுதி, குருவப்பன்பேட்டை - 607302"
Booth,fd3c223f-daee-45bb-9adc-4b6233e3936d,"Panchayat Union Elementary School,East Facing Building, North Wing,Sirupalaiyur – 607301","ஊராட்சி ஒன்றிய தொடக்கப் பள்ளி, கிழக்கு நோக்கிய கட்டிடம், வடக்குப் பகுதி, சிறுபாளையூர் - 607301"
Booth,b6ae9f3e-45a7-4bce-8072-0e885766bbd4,"Panchayat Union Elementary School, West Facing Building South Wing,Theerthanagiri - 608801","ஊராட்சி ஒன்றிய தொடக்கப் பள்ளி, மேற்கு நோக்கிய கட்டிடம் தெற்குப் பகுதி, தீர்த்தனகிரி - 608801"
Booth,f1d86c71-9d08-4d24-b2d3-9c86e0a10bd5,"Panchayat Union Elementary School,West Facing Building North side,Theerthanagiri - 608801","ஊராட்சி ஒன்றிய தொடக்கப் பள்ளி, மேற்கு நோக்கிய கட்டிடம் வடக்கு பக்கம், தீர்த்தனகிரி - 608801"
Booth,6ac58e0a-0ab1-481f-93dd-21825b12e742,"Panchayat Union Elementary School,South Facing Building,Karuveppambadi - 608801","ஊராட்சி ஒன்றிய தொடக்கப் பள்ளி, தெற்கு நோக்கிய கட்டிடம், கருவேப்பம்பாடி - 608801"
Booth,e5cb8a0a-977d-49ae-8482-ce32c59b2448,"Government High School,North Facing Building West Wing,Ranganathapuram - 607301","அரசு உயர்நிலைப் பள்ளி, வடக்கு நோக்கிய கட்டிடம் மேற்குப் பகுதி, ரங்கநாதபுரம் - 607301"
Booth,4d342a8e-d5b3-4a9d-b355-c443f1684b26,"Government High School,North Facing Building East Wing,Ranganathapuram - 607301","அரசு உயர்நிலைப் பள்ளி, வடக்கு நோக்கிய கட்டிடம் கிழக்குப் பகுதி, ரங்கநாதபுரம் - 607301"
Booth,6739e6e5-c911-49b5-953a-8878c285aa9b,"Village Service Centre,South Facing Building East Wing,Adhinarayanapuram - 607301","கிராம சேவை மையம், தெற்கு நோக்கிய கட்டிடம் கிழக்குப் பகுதி, ஆதிநாராயணபுரம் - 607301"
Booth,5375799f-8003-44ee-9776-094569ef8e71,"Panchayat Union Elementary School,North Facing Building West Wing,Adhinarayanapuram - 607301","ஊராட்சி ஒன்றிய தொடக்கப் பள்ளி, வடக்கு நோக்கிய கட்டிடம் மேற்குப் பகுதி, ஆதிநாராயணபுரம் - 607301"
Booth,76ee5a2c-8dbc-4b09-a891-7b7dbccba9b0,"Panchayat Union Elementary School,North Facing Building East Wing,Adhinarayanapuram - 607301","ஊராட்சி ஒன்றிய தொடக்கப் பள்ளி, வடக்கு நோக்கிய கட்டிடம் கிழக்குப் பகுதி, ஆதிநாராயணபுரம் - 607301"
Booth,7398fe1c-8dbb-4ca5-9916-b5387f2b9aab,"Panchayat Union Elementary School,  West Facing Building South Wing, Edankondanpattu - 607301","ஊராட்சி ஒன்றிய தொடக்கப் பள்ளி, மேற்கு நோக்கிய கட்டிடம் தெற்குப் பகுதி, எடங்கொண்டான்பட்டு - 607301"
Booth,9c808743-7c21-45df-8737-25fafde57861,"Government  Adi dravidar Elementary  School, North Facing Building, Allapakkam 608801","அரசு ஆதிதிராவிடர் தொடக்கப் பள்ளி, வடக்கு நோக்கிய கட்டிடம், அல்லப்பாக்கம் - 608801"
Booth,e8610643-54dc-4c7d-a7c8-a01cbb0ab7c0,"Panchayat Union Elementary School,North Facing Building East Wing,Sinthamanikuppam - 608801","ஊராட்சி ஒன்றிய தொடக்கப் பள்ளி, வடக்கு நோக்கிய கட்டிடம் கிழக்குப் பகுதி, சிந்தாமணிக்குப்பம் - 608801"
Booth,9ad7ba37-bb1c-489f-910f-7d21b0081ee9,"Panchayat Union Elementary School,West Facing Building,Mettupalayam, Poovanikuppam - 608801","ஊராட்சி ஒன்றிய தொடக்கப் பள்ளி, மேற்கு நோக்கிய கட்டிடம், மேட்டுப்பாளையம், பூவாணிக்குப்பம் - 608801"
Booth,2e2eee84-bc63-4ae4-8a8c-52d343772124,"Panchayat Union Elementary School,West Facing Building South Wing,Poovanikuppam Panchayat - 608801","ஊராட்சி ஒன்றிய தொடக்கப் பள்ளி, மேற்கு நோக்கிய கட்டிடம் தெற்குப் பகுதி, பூவாணிக்குப்பம் ஊராட்சி - 608801"
Booth,b707476b-cd11-4a56-b9ca-a2cb33612bad,"Government High School,North Facing Building West Wing,Poovanikuppam - 608801","அரசு உயர்நிலைப் பள்ளி, வடக்கு நோக்கிய கட்டிடம் மேற்குப் பகுதி, பூவாணிக்குப்பம் - 608801"
Booth,19088cef-a2fc-470b-a823-06e57fdb0b3a,"Panchayat Union Middle School,North Facing Building,Alapakkam - 608801","ஊராட்சி ஒன்றிய நடுநிலைப் பள்ளி, வடக்கு நோக்கிய கட்டிடம், அலப்பாக்கம் - 608801"
Booth,d72c8211-27fb-497d-b9e7-d5202a4ef722,"Government  Adi Dravidar Elementary  School, South Facing Building,  Alapakkam  608801","அரசு ஆதிதிராவிடர் தொடக்கப் பள்ளி, தெற்கு நோக்கிய கட்டிடம், அலப்பாக்கம் - 608801"
Booth,a91ecc85-4b20-4e8e-ac33-0aca5354cd99,"Panchayat Union Elementary School,North Facing Building, East Wing,Bethankuppam – 608801","ஊராட்சி ஒன்றிய தொடக்கப் பள்ளி, வடக்கு நோக்கிய கட்டிடம், கிழக்குப் பகுதி, பேத்தான்குப்பம் - 608801"
Booth,055f1b86-b8c4-4edd-8fcd-e4008aedcb5a,"Panchayat Union Middle School, South Facing Building, West Wing, Kuravanmedu 608801","ஊராட்சி ஒன்றிய நடுநிலைப் பள்ளி, தெற்கு நோக்கிய கட்டிடம், மேற்குப் பகுதி, குரவன்மேடு - 608801"
Booth,b7c55a15-3841-419b-8501-f674d75269c0,"Panchayat Union Elementary School,East Facing Building South Wing,Poochimedu - 608801","ஊராட்சி ஒன்றிய தொடக்கப் பள்ளி, கிழக்கு நோக்கிய கட்டிடம் தெற்குப் பகுதி, பூச்சிமேடு - 608801"
Booth,7157c622-2386-436e-80f3-e5e8e26488d7,"Panchayat Union Elementary School,East Facing Building North Wing,Poochimedu - 608801","ஊராட்சி ஒன்றிய தொடக்கப் பள்ளி, கிழக்கு நோக்கிய கட்டிடம் வடக்குப் பகுதி, பூச்சிமேடு - 608801"
Booth,14e169fd-55c4-481e-8be4-1d59bc4cc23f,"Panchayat Union Elementary School,North Facing Building,Kayalpattu - 608801","ஊராட்சி ஒன்றிய தொடக்கப் பள்ளி, வடக்கு நோக்கிய கட்டிடம், கயல்பட்டு - 608801"
Booth,8c34130b-9697-4347-8198-fc5a880d3d79,"Panchayat Union Elementary School,South Facing Building West Wing,Andarmullipallam - 608801","ஊராட்சி ஒன்றிய தொடக்கப் பள்ளி, தெற்கு நோக்கிய கட்டிடம் மேற்குப் பகுதி, அந்தர்முள்ளிப்பள்ளம் - 608801"
Booth,acb2d8be-4644-4960-b0c4-e6f70d4b54d0,"Panchayat Union Elementary School,South Facing Building East Wing,Andarmullipallam - 608801","ஊராட்சி ஒன்றிய தொடக்கப் பள்ளி, தெற்கு நோக்கிய கட்டிடம் கிழக்குப் பகுதி, அந்தர்முள்ளிப்பள்ளம் - 608801"
Booth,c2945747-4022-4116-a840-2530592dfa6f,"Anganwadi Centre, East Facing Building, Reddiyarpettai 608801","அங்கன்வாடி மையம், கிழக்கு நோக்கிய கட்டிடம், ரெட்டியார்பேட்டை - 608801"
Booth,1d61026b-871b-41c2-a588-d297db9fd883,"Community Hall, East Facing Building, Annappanpettai 608801","சமுதாயக் கூடம், கிழக்கு நோக்கிய கட்டிடம், அன்னப்பன்பேட்டை - 608801"
Booth,8df8dbdb-dbd6-4882-b8b7-a6acfe1aa820,"Panchayat Union Elementary School,North Facing New Building,Vandiyampallam – 608801","ஊராட்சி ஒன்றிய தொடக்கப் பள்ளி, வடக்கு நோக்கிய புதிய கட்டிடம், வண்டியம்பள்ளம் - 608801"
